index,published,keyword,domain,language,valid,title,description,url,image,archive,content,quote,de,en,la,added
c7e23d3a62dcfa96c1201dc4d3e4e664,2026-08-01T13:37:03Z,'Niedrigwasser',www.zeit.de,de,0.9,Trockenheit: Rhein-Niedrigwasser erreicht in Köln neuen Tiefststand,"Im Rhein ist der Wasserstand vielerorts sehr niedrig, in Köln wurde mit 68 Zentimetern ein neuer Tiefststand gemessen. Das hat auch Auswirkungen auf den Gütertransport.",https://www.zeit.de/gesellschaft/2026-08/niedrigwasser-rhein-koeln-pegel-kaub-binnenschifffahrt,https://img.zeit.de/gesellschaft/2026-08/niedrigwasser-rhein-koeln-pegel-kaub-binnenschifffahrt-foto-1/wide__1300x731,http://web.archive.org/web/20260802030533/https://www.zeit.de/gesellschaft/2026-08/niedrigwasser-rhein-koeln-pegel-kaub-binnenschifffahrt,Das Niedrigwasser am Rhein hat am Samstagmorgen in Köln einen neuen Tiefststand erreicht. Mit nur noch 68 Zentimeter wurde dort der bisherige Rekordwert aus dem Jahr 2018 unterschritten. Im Verlauf d… [+1012 chars],,"Trockenheit: Rhein-Niedrigwasser erreicht in Köln neuen Tiefststand. Im Rhein ist der Wasserstand vielerorts sehr niedrig, in Köln wurde mit 68 Zentimetern ein neuer Tiefststand gemessen. Das hat auch Auswirkungen auf den Gütertransport.",Drought: Rhine low water reaches new low in Cologne. The water level in the Rhine is very low in many places; a new low of 68 centimeters was measured in Cologne. This also has an impact on freight transport.,Siccitas: Rhenus humilis aqua nova Coloniam deprimit. Multis locis exaequata est aqua ad Rhenum; nova humilitas 68 centimetra Coloniae metiebatur. Hoc quoque ictum in onerariis feugiat est.,2026-08-02 19:48:05+00:00
491354e9e1bfd83305c1d7f78ff15c7e,2026-08-01T09:17:42Z,'Niedrigwasser',www.n-tv.de,de,0.9,"Zahlen Verbraucher die Zeche?: Niedrigwasser von Rhein, Donau und Elbe ist Wirtschaftskiller","Deutschlands großen Flüssen Rhein, Elbe und Donau fehlt Wasser. Am Wochenende sind neue Tiefststände wahrscheinlich. Besserung ist vorerst nicht in Sicht. Trockenheit, Sandbänke und Engstellen belasten die Wirtschaft. Ein Überblick.",https://www.n-tv.de/wirtschaft/Niedrigwasser-von-Rhein-Donau-und-Elbe-ist-Wirtschaftskiller-id31148701.html,https://www.n-tv.de/img/31148697/1785580256/Img_16_9/1200/Rhein-bei-Emmerich-extremes-Niedrigwasser-Rheinpegel-bei-5-cm-Tendenz-fallend-Frachtschiffe-muessen-mit-z-T.jpg,http://web.archive.org/web/20260801211738/https://www.n-tv.de/wirtschaft/Niedrigwasser-von-Rhein-Donau-und-Elbe-ist-Wirtschaftskiller-id31148701.html,"Der Rhein bei Emmerich: Frachtschiffe dürfen partiell nur mit 30 Prozent der üblichen Ladung fahren, um nicht auf Grund zu laufen. (Foto: picture alliance / Jochen Tack)
Deutschlands großen Flüssen … [+5683 chars]",,"Zahlen Verbraucher die Zeche?: Niedrigwasser von Rhein, Donau und Elbe ist Wirtschaftskiller. Deutschlands großen Flüssen Rhein, Elbe und Donau fehlt Wasser. Am Wochenende sind neue Tiefststände wahrscheinlich. Besserung ist vorerst nicht in Sicht. Trockenheit, Sandbänke und Engstellen belasten die Wirtschaft. Ein Überblick.","Consumers pay the bill?: Low water levels in the Rhine, Danube and Elbe are an economic killer. Germany's major rivers Rhine, Elbe and Danube are lacking water. New lows are likely this weekend. There is no improvement in sight for the time being. Drought, sandbanks and bottlenecks are putting a strain on the economy. An overview.","Consumentes libellum solvunt?: Gradus aquae inferioris Rheni, Danubii et Albis occisor oeconomicus sunt. Maiores Germaniae fluvii Rhenus, Albis et Danuvius aqua carent. Novum mugit verisimile hoc weekend. Pro tempore existente emendatio nulla est. Siccitas, syrtes et ampullae in oeconomia iactant. Meditatio.",2026-08-07 19:36:05+00:00
bcf6e47b8742c1d704376f6720e49bda,2026-08-03T17:27:11Z,'Dürre',orf.at,de,0.9,Viehbauern ringen mit „historischer Dürre“,"Der Klimawandel, der sich seit Monaten durch anhaltende Dürre und seit Wochen durch teils extreme Hitze zeigt, wird für die heimische Landwirtschaft zu einer wirtschaftlichen Gefahr. Davor warnten am Montag Umwelt- und Landwirtschaftsminister Norbert Totschni…",https://orf.at/stories/3438082/,https://ibs.orf.at/news?image=https%3A%2F%2Fassets.orf.at%2Fmims%2F2026%2F32%2F06%2Fcrops%2Fw%3D1200%2Ch%3D630%2Cq%3D75%2F3136675_master_1215906_klima_hitze_duerre_landwirtschaft_im.jpg%3Fs%3D30e9a46f71653adb7201e23cb4aeb20913518027,http://web.archive.org/web/20260803215316/https://orf.at/stories/3438082/,"Die anhaltende Dürre infolge des Klimawandels stelle die österreichische Landwirtschaft vor eine historische Belastungsprobe, so Totschnig und Moosbrugger in einer gemeinsamen Aussendung. Das erste H… [+3900 chars]",,"Viehbauern ringen mit „historischer Dürre“. Der Klimawandel, der sich seit Monaten durch anhaltende Dürre und seit Wochen durch teils extreme Hitze zeigt, wird für die heimische Landwirtschaft zu einer wirtschaftlichen Gefahr. Davor warnten am Montag Umwelt- und Landwirtschaftsminister Norbert Totschni…","Livestock farmers grapple with “historic drought.” Climate change, which has been evident for months in persistent drought and for weeks in sometimes extreme heat, is becoming an economic danger for local agriculture. Environment and Agriculture Minister Norbert Totschni warned about this on Monday...","Iumenta agricolae opponunt ""historicae siccitatis"". Mutatio climatis, quae per menses in siccitate assidua et per hebdomades interdum in nimio calore manifestata est, periculum oeconomicum fit loci agriculturae. Minister Agriculture Norbert Totschni de hoc die Lunae monuerunt...",2026-08-07 19:36:05+00:00
e85af50999bead3f051f9f7b36abd9f5,2026-08-04T11:49:15Z,'Dürre',www.tagesspiegel.de,de,0.9,"Verdorrte Wiesen, wasserlose Flüsse, Dürre: So vertrocknet Europa","Von England bis Ungarn herrscht eine historische Trockenheit, vielerorts werden neue Rekorde gemessen. Ein Vergleich von Bildern des üblichen Anblicks mit dem heutigen macht die Ausmaße deutlich.",https://www.tagesspiegel.de/internationales/verdorrte-wiesen-wasserlose-flusse-durre-so-vertrocknet-europa-15908537.html,https://www.tagesspiegel.de/images/15909297/alternates/BASE_16_9_W1400/1785760048000/2026-08-03-pol-trockenheit-europa.png,http://web.archive.org/web/20260805023335/https://www.tagesspiegel.de/internationales/verdorrte-wiesen-wasserlose-flusse-durre-so-vertrocknet-europa-15908537.html,"Europa erlebt durch den Klimawandel einen historischen Sommer. Waldbrände wüten unter anderem in Frankreich, Spanien und Griechenland, fast auf dem gesamten Kontinent herrschen Regenmangel und Trocke… [+907 chars]",,"Verdorrte Wiesen, wasserlose Flüsse, Dürre: So vertrocknet Europa. Von England bis Ungarn herrscht eine historische Trockenheit, vielerorts werden neue Rekorde gemessen. Ein Vergleich von Bildern des üblichen Anblicks mit dem heutigen macht die Ausmaße deutlich.","Withered meadows, waterless rivers, drought: This is how Europe is drying up. From England to Hungary there is a historic drought, and new records are being set in many places. A comparison of pictures of the usual sight with today makes the dimensions clear.","Aruerunt prata, flumina arida, sitim: Sic Europa arescit. Ex Anglia ad Hungariam siccitas historica est, et novae monumenta in multis locis ponuntur. Comparatio picturarum consueti aspectus cum hodiernis dimensionibus manifestat.",2026-08-07 19:36:05+00:00
b5e73ccefe350963f2a4da7eb578b8ac,2026-08-05T21:43:54Z,'Dürre',orf.at,de,0.9,Hitzesommer wird „neue Realität“,"Extreme Hitze, Trockenheit, Dürre und Brände: Die Klimakrise zeigt sich derzeit in aller Deutlichkeit. 2026 sei ein „absolutes Ausnahmejahr“, heißt es aus dem Umweltministerium. Klimaforscher Daniel Huppmann spricht gegenüber ORF.at indes von einer „neuen Rea…",https://orf.at/stories/3438253/,https://ibs.orf.at/news?image=https%3A%2F%2Fassets.orf.at%2Fmims%2F2026%2F32%2F40%2Fcrops%2Fw%3D1200%2Ch%3D630%2Cq%3D75%2F3138297_master_1216540_klima_hitze_klimawandel_2_coe.jpg%3Fs%3Dddbf5215a521e8e4bf88b9ab4d2d963ef60f2939,http://web.archive.org/web/20260806023248/https://orf.at/stories/3438253/,"In Niederösterreich wurde am Mittwoch mit 41,2 Grad ein neuer österreichweiter Temperaturhöchstwert erreicht und damit jener aus Wien vom Vortag noch einmal übertroffen (41 Grad). Zwischen den beiden… [+6392 chars]",,"Hitzesommer wird „neue Realität“. Extreme Hitze, Trockenheit, Dürre und Brände: Die Klimakrise zeigt sich derzeit in aller Deutlichkeit. 2026 sei ein „absolutes Ausnahmejahr“, heißt es aus dem Umweltministerium. Klimaforscher Daniel Huppmann spricht gegenüber ORF.at indes von einer „neuen Rea…","Hot summer is becoming a “new reality”. Extreme heat, drought, drought and fires: the climate crisis is currently clearly visible. According to the Environment Ministry, 2026 will be an “absolutely exceptional year”. Climate researcher Daniel Huppmann speaks to ORF.at of a “new reaction…","Aestas calida fit ""re nova"". Calor extremus, siccitas, siccitas et ignes: discrimen climatis nunc clare conspicitur. Secundum Ministerium Environment, 2026 ""annus absolute eximius"". Investigator climatis Daniel Huppmann de ORF.at loquitur de ""novo reactione...",2026-08-07 19:36:05+00:00
845254b5f166f3462c86400b0d95f749,2026-08-06T05:28:33Z,'Niedrigwasser',www.bild.de,de,0.9,Niedrigwasser im Rhein - Bilger warnt vor Engpässen: „Die Gefahr droht definitiv“,"Kaum eine Woche im Amt, beruft Bundesverkehrsminister Steffen Bilger bereits seinen ersten Krisengipfel ein. Grund ist das dramatische Niedrigwasser im Rhein.",https://www.bild.de/politik/inland/bilger-warnt-vor-notstand-im-rhein-die-gefahr-droht-definitiv-6a735f15203ba6592b089743,"https://images.bild.de/6a735f15203ba6592b089743/fe58e6fb1c1b276e02cabdcebe3c738e,9135c185?w=1280",http://web.archive.org/web/20260806122131/https://www.bild.de/politik/inland/bilger-warnt-vor-notstand-im-rhein-die-gefahr-droht-definitiv-6a735f15203ba6592b089743,"TTS-Player überspringenArtikel weiterlesenBerlin/Bonn  Kaum eine Woche im Amt, beruft Bundesverkehrsminister Steffen Bilger (47, CDU) bereits seinen ersten Krisengipfel ein. Grund ist das dramatische… [+2277 chars]",,"Niedrigwasser im Rhein - Bilger warnt vor Engpässen: „Die Gefahr droht definitiv“. Kaum eine Woche im Amt, beruft Bundesverkehrsminister Steffen Bilger bereits seinen ersten Krisengipfel ein. Grund ist das dramatische Niedrigwasser im Rhein.","Low water in the Rhine - Bilger warns of bottlenecks: “The danger is definitely imminent”. Barely a week in office, Federal Transport Minister Steffen Bilger is already convening his first crisis summit. The reason is the dramatic low water in the Rhine.","Humilis aqua in Rheno - Bilger monet bottlenecks: ""Periculum certum est imminere"". Vix septimana in officio constitutus est minister Transport Steffen Bilger iam primum discrimen summum convocans. Causa dramatica est aqua humilis in Rheno.",2026-08-07 19:36:05+00:00
2650a7e6b09ffa403bae373d6590e18c,2026-08-06T10:11:49Z,'Dürre',www.diepresse.com,de,0.9,"Viele Notschlachtungen wegen Dürre, Rufe nach Hilfspaket werden lauter","Laut ARGE Rind stehen wegen Futtermangel „dreimal so viele Schlachtkühe zur Vermarktung wie üblich“, viele davon um bis zu ein Viertel günstiger. Die FPÖ fordert ein rasches Dürre-Hilfspaket.",https://www.diepresse.com/41152832/viele-notschlachtungen-wegen-duerre-rufe-nach-hilfspaket-werden-lauter,https://img.diepresse.com/public/incoming/vl8ed8-imago-images-0854652275/alternates/WEBP_WIDE_1200/imago%20images%200854652275,,"Die Presse auf Google als bevorzugte Nachrichtenquelle hinzufügen.
 Die trockenheitsbedingte Futterknappheit veranlasst viele Bauern, einen Teil ihrer Rinder frühzeitig zu verkaufen. In den vergange… [+4735 chars]",,"Viele Notschlachtungen wegen Dürre, Rufe nach Hilfspaket werden lauter. Laut ARGE Rind stehen wegen Futtermangel „dreimal so viele Schlachtkühe zur Vermarktung wie üblich“, viele davon um bis zu ein Viertel günstiger. Die FPÖ fordert ein rasches Dürre-Hilfspaket.","Many emergency slaughters due to drought, calls for an aid package are becoming louder. According to ARGE Rind, due to a lack of feed, “three times as many cows are available for slaughter as usual,” many of which are up to a quarter cheaper. The FPÖ is calling for a rapid drought relief package.","Multae strages subitis ob siccitatem vocat subsidia sarcina maiora fiunt. Secundum ARGE Rind, propter defectum pascendi, ""ter totidem vaccae occisioni solito praesto sunt"", quarum multae usque ad quartam viliorem sunt. FPÖ celeris siccitatis sarcinam vocat.",2026-08-07 19:36:05+00:00
8e43eb17e61287dce9d3543a757e2d5e,2026-08-05T03:00:06Z,'Klimawandel Trockenheit',www.zeit.de,de,0.9,Trockenheit: Dürres Deutschland: Wieso es derzeit so trocken ist,Hier finden Sie Informationen zu dem Thema „Trockenheit“. Lesen Sie jetzt „Dürres Deutschland: Wieso es derzeit so trocken ist“.,https://www.zeit.de/news/2026-08/05/duerres-deutschland-wieso-es-derzeit-so-trocken-ist,https://img.zeit.de/news/2026-08/05/duerres-deutschland-wieso-es-derzeit-so-trocken-ist-image-group/wide__1300x731,http://web.archive.org/web/20260806232931/https://www.zeit.de/news/2026-08/05/duerres-deutschland-wieso-es-derzeit-so-trocken-ist,"Durch Rhein und Donau fließt so wenig Wasser wie selten, Pflanzen und Bäume lechzen nach Feuchtigkeit und auch wir Menschen brauchen an heißen Tagen wie diesen besonders viel Flüssigkeit. Wasser ist … [+6428 chars]",,Trockenheit: Dürres Deutschland: Wieso es derzeit so trocken ist. Hier finden Sie Informationen zu dem Thema „Trockenheit“. Lesen Sie jetzt „Dürres Deutschland: Wieso es derzeit so trocken ist“.,Drought: Drought Germany: Why it is currently so dry. Here you will find information on the topic of “drought”. Read “Drought Germany: Why it’s so dry at the moment” now.,"Siccitas: Siccitas Germania: quare nunc siccum est. Hic informationes invenies in argumento « siccitatis ». Lege "" Siccitas Germaniae: quare nunc est siccitas"".",2026-08-08 03:12:47+00:00
f30922f35658bb964a7e62518791ad07,2026-08-06T10:04:00Z,'Niedrigwasser',www.zeit.de,de,0.9,Niedrigwasser auf dem Rhein: Bundesverkehrsministerium erwägt Aussetzung von Sonntagsfahrverbot,Wegen des Niedrigwassers vieler Flüsse denkt Steffen Bilger über erweiterte Lkw-Fahrzeiten nach. Mit der Bahn laufen Gespräche über zusätzliche Gütertransporte.,https://www.zeit.de/mobilitaet/2026-08/niedrigwasser-rhein-schifffahrt-sonntagsfahrverbot-steffen-bilger,https://img.zeit.de/mobilitaet/2026-08/niedrigwasser-rhein-schifffahrt-sonntagsfahrverbot-steffen-bilger-foto-1/wide__1300x731,,Bundesverkehrsminister Steffen Bilger (CDU) hat wegen des Niedrigwassers auf deutschen Flüssen eine vorübergehende Aussetzung des Sonn- und Feiertagsfahrverbots für Lastwagen ins Gespräch gebracht. »… [+2797 chars],,Niedrigwasser auf dem Rhein: Bundesverkehrsministerium erwägt Aussetzung von Sonntagsfahrverbot. Wegen des Niedrigwassers vieler Flüsse denkt Steffen Bilger über erweiterte Lkw-Fahrzeiten nach. Mit der Bahn laufen Gespräche über zusätzliche Gütertransporte.,"Low water on the Rhine: Federal Ministry of Transport is considering suspending the Sunday driving ban. Because of the low water levels in many rivers, Steffen Bilger is thinking about extending truck travel times. Discussions about additional freight transport are ongoing with the railways.","Humilis aqua in Rheno: Ministerium Transportum Foederatum considerans bannum pulsum Solis suspendendi. Propter gradus aquae humiles in multis fluminibus, Steffen Bilger cogitat de extensione temporum itinerariorum. Disputationes de onerariis onerariis additis cum ferriviariis permanentes.",2026-08-08 03:12:47+00:00
282c6fe64b82758dabd5bf36de4c5ee3,2026-08-03T17:01:45Z,'Dürre',noe.orf.at,de,0.9,Milchviehbetriebe fordern Dürre-Hilfspaket,"Hitze und Dürre bringen die heimischen Milchbauern zunehmend unter Druck. Auf den Weiden wächst kaum mehr Futter, viele Tiere stehen inzwischen im Stall. Viele Bauernhöfe müssen daher nun ihre Futterreserven für den Winter verfüttern. Die Bauern fordern ein H…",https://noe.orf.at/stories/3365434/,https://ibs.orf.at/noe?image=https%3A%2F%2Foekastatic.orf.at%2Fmims%2F2026%2F32%2F68%2Fcrops%2Fw%3D1200%2Ch%3D627%2Cq%3D75%2F3136588_master_1215868_whatsapp_image_2026-08-03_at_15.08.07_2.jpeg%3Fs%3D33f18a46d362230b141c7e0be2ed614453308dc8,http://web.archive.org/web/20260803221229/https://noe.orf.at/stories/3365434/,"Braune Wiesen, dürre Felder Gras wächst rund um den Bauernhof von Rudolf Buchner in Traisen (Bezirk Lilienfeld) schon seit Wochen kaum noch. Schon beim ersten Grünschnitt im Frühling musste Buchner E… [+2916 chars]",,"Milchviehbetriebe fordern Dürre-Hilfspaket. Hitze und Dürre bringen die heimischen Milchbauern zunehmend unter Druck. Auf den Weiden wächst kaum mehr Futter, viele Tiere stehen inzwischen im Stall. Viele Bauernhöfe müssen daher nun ihre Futterreserven für den Winter verfüttern. Die Bauern fordern ein H…",Dairy farms demand drought relief package. Heat and drought are putting local dairy farmers under increasing pressure. Hardly any fodder grows in the pastures and many animals are now kept in stables. Many farms therefore now have to use their feed reserves for the winter. The farmers are demanding a...,"Lacticiniis rura sarcina levamen poscunt sitim. Calor et siccitas loci agricolae lacticiniis ingravescentibus ponunt. Vix ulla pabula crescit in pascuis et multae bestiae nunc in stabulis servantur. Multa igitur praedia nunc habent, ut subsidiis ad hiemem pascantur. Petunt agricolae...",2026-08-08 07:32:58+00:00
a6acc21316ff03805003232ad37b00b4,2026-08-05T03:30:00Z,'Ernte Dürre',salzburg.orf.at,de,0.9,Unabhängige Bauern fordern Hilfspaket,"Die aktuelle Trockenheit, Ernteausfälle, Futtermangel und Wasserknappheit auf den Almen bringen viele Betriebe unter Druck. Während der Unabhängige Bauernverband deshalb rasche finanzielle Hilfe aus dem Katastrophenfonds des Landes forderte, verwies die Landw…",https://salzburg.orf.at/stories/3365605/,https://ibs.orf.at/sbg?image=https%3A%2F%2Foekastatic.orf.at%2Fmims%2F2026%2F31%2F93%2Fcrops%2Fw%3D1200%2Ch%3D627%2Cq%3D75%2F3132488_master_1214093_wassermangel-alpen_joham_00_13_43_20.jpg%3Fs%3Dd39613b26545f65425881d2ed1d09db2b3077667,http://web.archive.org/web/20260806063520/https://salzburg.orf.at/stories/3365605/,"Die Dürre trifft viele landwirtschaftliche Betriebe im Bundesland hart. Vielerorts reicht das Futter für die Tiere nicht mehr aus, Landwirte müssen daher teuer zukaufen oder ihre Tiere früher von den… [+1462 chars]",,"Unabhängige Bauern fordern Hilfspaket. Die aktuelle Trockenheit, Ernteausfälle, Futtermangel und Wasserknappheit auf den Almen bringen viele Betriebe unter Druck. Während der Unabhängige Bauernverband deshalb rasche finanzielle Hilfe aus dem Katastrophenfonds des Landes forderte, verwies die Landw…","Independent farmers demand aid package. The current drought, crop failures, lack of feed and water shortages on the mountain pastures are putting many businesses under pressure. While the Independent Farmers' Association called for rapid financial help from the country's disaster fund, the farmers...","Independentes agricolae sarcinam subsidia postulant. Hodierna siccitas, defectus seges, penuria pascuum et aquarum penuriae in pascuis montanis multis negotiis pressuris ponuntur. Dum Independentes Societas agricolarum ad auxilium pecuniarium rapidum e calamitate patriae flagitavit, agricolae...",2026-08-08 07:32:58+00:00
5149dc92d13013c55b405369dfdf78a4,2026-08-05T03:55:13Z,'Ernte Dürre',www.diepresse.com,de,0.9,"Die Bauern kämpfen gegen die Dürre, Preise dürften dank Weltmarkt aber stabil bleiben [premium]","Die Trockenheit macht Europas Bauern zu schaffen. Global laufen die Ernten allerdings besser und können etwa bei Getreide die Rückgänge ausgleichen. Was das für die Endkonsumenten-Preise in Österreich schlussendlich bedeuten wird, ist noch nicht vollständig k…",https://www.diepresse.com/41055406/die-bauern-kaempfen-gegen-die-duerre-preise-duerften-dank-weltmarkt,https://img.diepresse.com/public/incoming/povi56-abd20140812abd0033hrjpg/alternates/WEBP_WIDE_1200/ABD_20140812_ABD0033.HR.jpg,http://web.archive.org/web/20260806023308/https://www.diepresse.com/41055406/die-bauern-kaempfen-gegen-die-duerre-preise-duerften-dank-weltmarkt,Die Hitze hinterlässt ihre Spuren auf den Feldern in Europa und Österreich: Trockene Äcker und braune Wiesen zieren die Landschaft. Die anhaltende Dürre infolge des Klimawandels stelle die Landwirtsc… [+5212 chars],,"Die Bauern kämpfen gegen die Dürre, Preise dürften dank Weltmarkt aber stabil bleiben [premium]. Die Trockenheit macht Europas Bauern zu schaffen. Global laufen die Ernten allerdings besser und können etwa bei Getreide die Rückgänge ausgleichen. Was das für die Endkonsumenten-Preise in Österreich schlussendlich bedeuten wird, ist noch nicht vollständig k…","Farmers are fighting the drought, but prices are likely to remain stable thanks to the global market [premium]. The drought is causing problems for Europe's farmers. Globally, however, harvests are going better and can offset declines in grain, for example. What this will ultimately mean for end consumer prices in Austria is not yet completely clear…","Agricolae siccitatem pugnant, sed pretium in mercatu globali [premium] stabile manere verisimile est. Siccitas difficultates colonis Europaeis causat. Globally, however, of harvest are better going to and can offsets diminution in grain, for example. Quid hoc tandem sit pro fine pretiis emptorum in Austria nondum plane liquet...",2026-08-08 07:32:58+00:00
a5268e07c47746677140eda9b3a978a6,2026-08-05T09:30:00Z,'Dürre',www.esa.int,de,0.9,Europas Wälder verlieren seit 2018 deutlich mehr Biomasse,Europas Wälder verlieren mehr Biomasse als bisher angenommen. Faktoren wie Dürre und Schädlingsbefall verursachen zunehmend große Verluste in einigen der ältesten Wälder Europas. Seit 2018 hat sich diese Situation deutlich verschlechtert.,https://www.esa.int/Space_in_Member_States/Germany/Europas_Waelder_verlieren_seit_2018_deutlich_mehr_Biomasse,https://www.esa.int/var/esa/storage/images/esa_multimedia/images/2026/08/europe_s_forests_losing_biomass_due_to_disturbances/27405448-2-eng-GB/Europe_s_forests_losing_biomass_due_to_disturbances_pillars.jpg,,"Agency
Europas Wälder verlieren mehr Biomasse als bisher angenommen. Faktoren wie Dürre und Schädlingsbefall verursachen zunehmend große Verluste in einigen der ältesten Wälder Europas. Seit 2018 ha… [+6062 chars]",,Europas Wälder verlieren seit 2018 deutlich mehr Biomasse. Europas Wälder verlieren mehr Biomasse als bisher angenommen. Faktoren wie Dürre und Schädlingsbefall verursachen zunehmend große Verluste in einigen der ältesten Wälder Europas. Seit 2018 hat sich diese Situation deutlich verschlechtert.,Europe's forests have been losing significantly more biomass since 2018. Europe's forests are losing more biomass than previously thought. Factors such as drought and pest infestations are increasingly causing major losses in some of Europe's oldest forests. This situation has worsened significantly since 2018.,Silvae Europae plus significanter taeda taedae ab 2018. Europaeae silvae plus taeda quam antea amiserunt. Factores siccitates et infestationes pestiferae in dies maiores detrimenta in nonnullis silvis vetustissimis Europaeis causant. Haec condicio signanter cum MMXVIII ingravescebat.,2026-08-08 07:32:58+00:00
fd94d14b7d6e90c9e9a3886f3f892274,2026-08-05T10:49:50Z,'Dürre',www.diepresse.com,de,0.9,19 Prozent weniger Getreide als im Vorjahr,"Bauern werden laut AMA heuer Getreide in Höhe von 2,5 Mio. Tonnen ohne Mais ernten. Das sei zwar „ausreichend für die Herstellung von Brot, Mehl und Backwaren“. Jedoch liege man damit weit hinter dem Vorjahreswert. Große Sorge herrscht aufgrund der Dürre bei …",https://www.diepresse.com/41118914/19-prozent-weniger-getreide-als-im-vorjahr,https://img.diepresse.com/public/incoming/jntop4-imago140588384jpg/alternates/WEBP_WIDE_1200/imago140588384.jpg,http://web.archive.org/web/20260806000855/https://www.diepresse.com/41118914/19-prozent-weniger-getreide-als-im-vorjahr,"Die Presse auf Google als bevorzugte Nachrichtenquelle hinzufügen.
 Die extreme Trockenheit und Hitze haben den Getreideanbau heuer stark belastet. Mit rund 2,5 Mio. Tonnen liege die Getreideprodukt… [+3460 chars]",,"19 Prozent weniger Getreide als im Vorjahr. Bauern werden laut AMA heuer Getreide in Höhe von 2,5 Mio. Tonnen ohne Mais ernten. Das sei zwar „ausreichend für die Herstellung von Brot, Mehl und Backwaren“. Jedoch liege man damit weit hinter dem Vorjahreswert. Große Sorge herrscht aufgrund der Dürre bei …","19 percent less grain than last year. According to the AMA, farmers will harvest 2.5 million tons of grain this year, excluding corn. This is “sufficient for the production of bread, flour and baked goods”. However, this is far behind the previous year's figure. There is great concern due to the drought in...","19 centesimas minus frumenti quam ante annum. Secundum AMA, agricolae hoc anno 2.5 decies centena millia talentorum frumenti colligent, frumento excluso. Hoc est ""sufficit ad productionem panis, farinae et boni cocti"". Sed haec figura est longe post prioris anni. Nulla sollicitudin ex sit amet magna...",2026-08-08 07:32:58+00:00
9558b8fe365a01de58977a3aaf155788,2026-08-05T14:30:00Z,'Dürre',burgenland.orf.at,de,0.9,Dürre: Berlakovich fordert Maßnahmenpaket,"Die anhaltende Hitze und der fehlende Regen bescheren den Landwirten heuer im wahrsten Sinne des Wortes eine dürre Ernte. Die sei für so manchen Bauern existenzbedrohend, sagte Landwirtschaftskammerpräsident Nikolaus Berlakovich. Er forderte am Mittwoch rasch…",https://burgenland.orf.at/stories/3365712/,https://ibs.orf.at/bgl?image=https%3A%2F%2Foekastatic.orf.at%2Fmims%2F2026%2F32%2F92%2Fcrops%2Fw%3D1200%2Ch%3D627%2Cq%3D75%2F3138416_master_1216592_berlakovich_c0008_00_00_00_00.jpg%3Fs%3D8cd7b358ad6ec9aba865ae3bd97314fecca59f51,http://web.archive.org/web/20260805221202/https://burgenland.orf.at/stories/3365712/,"Die Getreideernte war die mengenmäßig schlechteste im Burgenland seit 56 Jahren, bilanzierte Berlakovich. Auch bei den Herbstkulturen zeichne sich ein düsteres Bild ab. Der Kukurruz bilde keine orden… [+996 chars]",,"Dürre: Berlakovich fordert Maßnahmenpaket. Die anhaltende Hitze und der fehlende Regen bescheren den Landwirten heuer im wahrsten Sinne des Wortes eine dürre Ernte. Die sei für so manchen Bauern existenzbedrohend, sagte Landwirtschaftskammerpräsident Nikolaus Berlakovich. Er forderte am Mittwoch rasch…","Drought: Berlakovich calls for a package of measures. The persistent heat and lack of rain are literally giving farmers a dry harvest this year. This is threatening the existence of many farmers, said Chamber of Agriculture President Nikolaus Berlakovich. On Wednesday he quickly called for...",Siccitas: Berlakovich vocat sarcinam mensurarum. Pervicax calor et pluviae defectus proprie agricolae messem siccam hoc anno dant. Haec exsistentia multorum agricolarum imminens dixit Cubiculum agriculturae praesidens Nikolaus Berlakovich. Die mercurii velociter vocatus est...,2026-08-08 07:32:58+00:00
9b7d604b7a5a4b307063611bdc1ff8d0,2026-08-05T17:49:36Z,'Wassermangel',ooe.orf.at,de,0.9,Wassermangel: Genossenschaft rüstet sich,"Die aktuelle Hitzewelle hat Oberösterreich weiterhin fest im Griff. In vielen Regionen des Landes wird die Versorgung mit Trinkwasser daher immer schwieriger – vor allem in einzelnen Gebieten des Mühlviertels, speziell dort, wo es keine großen Grundwasserkörp…",https://ooe.orf.at/stories/3365730/,https://ibs.orf.at/ooe?image=https%3A%2F%2Foekastatic.orf.at%2Fmims%2F2026%2F32%2F41%2Fcrops%2Fw%3D1200%2Ch%3D627%2Cq%3D75%2F3138532_master_1216641_260805_ooeh_roh_wasser_ulrichsberg_orf_1550_00_04_36_07.jpg%3Fs%3D106e7788ad4aeb87859a1883a28ad085eca2a14c,http://web.archive.org/web/20260806032153/https://ooe.orf.at/stories/3365730/,"Dass es im heurigen Sommer in der Gemeinde Ulrichsberg (Bezirk Rohrbach) nur etwa ein Drittel der üblichen Niederschlagsmenge geregnet hat, merkt man auch bei den örtlichen Wasserquellen. Wasser wird… [+3286 chars]",,"Wassermangel: Genossenschaft rüstet sich. Die aktuelle Hitzewelle hat Oberösterreich weiterhin fest im Griff. In vielen Regionen des Landes wird die Versorgung mit Trinkwasser daher immer schwieriger – vor allem in einzelnen Gebieten des Mühlviertels, speziell dort, wo es keine großen Grundwasserkörp…","Water shortage: cooperative prepares. The current heat wave continues to have Upper Austria firmly under control. In many regions of the country, the supply of drinking water is therefore becoming increasingly difficult - especially in individual areas of the Mühlviertel, especially where there are no large groundwater bodies...","Aquae penuriam: cooperantem parat. Vena calor unda pergit Superiorem Austriam firmiter sub potestate habere. Multis in regionibus, copia aquae potandi magis magisque difficilis fit - praesertim in singulis locis Mühlviertel, praesertim ubi nulla magnae aquae fundamenti exstant corpora...",2026-08-08 07:32:58+00:00
381d08e9ed40d7202d942544c417f79b,2026-08-06T03:00:19Z,'Ernte Dürre',www.zeit.de,de,0.9,Folgen der Trockenheit: Sorge um die Ernte: Dürre und Hitze treffen Europas Bauern,Hier finden Sie Informationen zu dem Thema „Folgen der Trockenheit“. Lesen Sie jetzt „Sorge um die Ernte: Dürre und Hitze treffen Europas Bauern“.,https://www.zeit.de/news/2026-08/06/sorge-um-die-ernte-duerre-und-hitze-treffen-europas-bauern,https://img.zeit.de/news/2026-08/06/sorge-um-die-ernte-duerre-und-hitze-treffen-europas-bauern-image-group/wide__1300x731,http://web.archive.org/web/20260807021716/https://www.zeit.de/news/2026-08/06/sorge-um-die-ernte-duerre-und-hitze-treffen-europas-bauern,In modernen Traktor-Kabinen sorgen Klimaanlagen zwar für Abkühlung. Doch bei vielen Bauern in Europa lösen Hitze und Trockenheit Frust und Existenzangst aus. Eine unterdurchschnittliche Getreideernte… [+5424 chars],,Folgen der Trockenheit: Sorge um die Ernte: Dürre und Hitze treffen Europas Bauern. Hier finden Sie Informationen zu dem Thema „Folgen der Trockenheit“. Lesen Sie jetzt „Sorge um die Ernte: Dürre und Hitze treffen Europas Bauern“.,Consequences of the drought: Concern about the harvest: Drought and heat are affecting Europe's farmers. Here you will find information on the topic “Consequences of drought”. Now read “Concerns about the harvest: Drought and heat hit Europe’s farmers”.,"Consequentia siccitatis: Sollicitudo circa messem: Siccitas et calor agricolas Europae afficiunt. Hic informationes invenies in themate ""Consecutiones siccitatis"". Nunc lege "" Curas de messe: Siccitas et calor agricolas Europaeos pulsant"".",2026-08-08 07:32:58+00:00
4a250bbdb9082ae54cb72c4697f1540d,2026-08-06T03:02:19Z,'Ernte Dürre',www.tagesspiegel.de,de,0.9,Folgen der Trockenheit: Sorge um die Ernte: Dürre und Hitze treffen Europas Bauern,"Staubtrockene Felder, Gluthitze: Landwirte stehen wegen Einbußen bei der Getreideernte, hoher Kosten und Futterknappheit unter Druck. In Spanien und Frankreich leiden Obst, Oliven und Gemüse.",https://www.tagesspiegel.de/wirtschaft/folgen-der-trockenheit-sorge-um-die-ernte-durre-und-hitze-treffen-europas-bauern-15918300.html,https://www.tagesspiegel.de/images/15918299/alternates/BASE_16_9_W1400/1785985338000/weizenernte-in-der-borde.jpeg,http://web.archive.org/web/20260807061844/https://www.tagesspiegel.de/wirtschaft/folgen-der-trockenheit-sorge-um-die-ernte-durre-und-hitze-treffen-europas-bauern-15918300.html,In modernen Traktor-Kabinen sorgen Klimaanlagen zwar für Abkühlung. Doch bei vielen Bauern in Europa lösen Hitze und Trockenheit Frust und Existenzangst aus. Eine unterdurchschnittliche Getreideernte… [+5478 chars],,"Folgen der Trockenheit: Sorge um die Ernte: Dürre und Hitze treffen Europas Bauern. Staubtrockene Felder, Gluthitze: Landwirte stehen wegen Einbußen bei der Getreideernte, hoher Kosten und Futterknappheit unter Druck. In Spanien und Frankreich leiden Obst, Oliven und Gemüse.","Consequences of the drought: Concern about the harvest: Drought and heat are affecting Europe's farmers. Dust-dry fields, scorching heat: farmers are under pressure due to losses in grain harvests, high costs and feed shortages. In Spain and France, fruit, olives and vegetables are suffering.","Consequentia siccitatis: Sollicitudo circa messem: Siccitas et calor agricolas Europae afficiunt. Arva pulverulenta, aestus aestus: agricolae ob damna sata messibus pressa sunt, magno sumptu et inopias pascunt. In Hispania et Gallia fructus, olivae et olera laborant.",2026-08-08 07:32:58+00:00
275cb4c07e56953ec430a39a4a92df61,2026-08-06T15:04:08Z,'Dürre',orf.at,de,0.9,Krisenkoordinator: Keine Entspannung bei Dürre in Sicht,,https://orf.at/stories/3438421/,https://orf.at/mojo/1_4_1/storyserver//news/common/images/og-fallback-news.png,http://web.archive.org/web/20260806212915/https://orf.at/stories/3438421/,"Für den Krisenkoordinator der Bundesregierung, Peter Vorhofer, ist trotz der anhaltenden Hitzewelle die Lage in Österreich im Griff. Nichtsdestotrotz rief er heute bei einer Pressekonferenz nach eine… [+1804 chars]",,Krisenkoordinator: Keine Entspannung bei Dürre in Sicht. None,Crisis coordinator: No relief from drought in sight. None,Crisis coordinator: Non levamen siccitatis in aspectu. Nullus,2026-08-08 07:32:58+00:00
147843fbbfb50173a4926c9d807df855,2026-08-07T02:00:26Z,'Dürre',www.zeit.de,de,0.9,Trockenheit im Warenkorb: Folgen der Dürre: Höhere Gemüsepreise und kürzere Pommes,Hier finden Sie Informationen zu dem Thema „Trockenheit im Warenkorb“. Lesen Sie jetzt „Folgen der Dürre: Höhere Gemüsepreise und kürzere Pommes“.,https://www.zeit.de/news/2026-08/07/folgen-der-duerre-hoehere-gemuesepreise-und-kuerzere-pommes,https://img.zeit.de/news/2026-08/07/folgen-der-duerre-hoehere-gemuesepreise-und-kuerzere-pommes-image-group/wide__1300x731,http://web.archive.org/web/20260807093633/https://www.zeit.de/news/2026-08/07/folgen-der-duerre-hoehere-gemuesepreise-und-kuerzere-pommes,Erste Folgen der Trockenheit sind im Supermarkt angekommen und weitere Auswirkungen sind bei anhaltendem Regenmangel wahrscheinlich. Nach Angaben von Marktbeobachtern ist Gemüse in zahlreichen Fällen… [+4863 chars],,Trockenheit im Warenkorb: Folgen der Dürre: Höhere Gemüsepreise und kürzere Pommes. Hier finden Sie Informationen zu dem Thema „Trockenheit im Warenkorb“. Lesen Sie jetzt „Folgen der Dürre: Höhere Gemüsepreise und kürzere Pommes“.,Drought in the shopping cart: Consequences of the drought: higher vegetable prices and shorter fries. Here you will find information on the topic of “dryness in the shopping cart”. Now read “Consequences of the drought: higher vegetable prices and shorter fries”.,"Siccitas in cart: Consequentia siccitatis: vegetabilia superiora et breviora fricta. Hic informationes invenies in argumento ""ariditatis in cartulae"". Nunc lege ""Consecutiones siccitatis: pretia vegetabilia superiora et breviora fricta"".",2026-08-08 07:32:58+00:00
4612955e7a129984e558798b703463d9,2026-08-07T03:30:00Z,'Ernte Dürre',www.nzz.ch,de,0.9,Wenn Wasser nicht mehr selbstverständlich ist: So leiden die Schweiz und Europa unter der Dürre,Von der Atomkraft bis zur Zuckerrübe: Die wichtigsten Antworten zu den Folgen der starken Trockenheit auf das Wirtschaftsleben.,https://www.nzz.ch/wirtschaft/trockenheit-so-leidet-die-wirtschaft-unter-der-duerre-in-der-schweiz-und-europa-ld.10018420,"https://img-msp-prod.nzz.ch/2026/08/04/c72b9f9b-7c77-4396-b4a2-7a78d933a320.jpg?width=1200&height=675&fit=bounds&quality=75&auto=webp&crop=8078,4544,x0,y0&wmark=nzz",,"Von der Atomkraft bis zur Zuckerrübe: Die wichtigsten Antworten zu den Folgen der starken Trockenheit auf das Wirtschaftsleben.
Zusammenfassung
Diese Ernte wird traurig: ein ausgetrocknetes Sonnenb… [+8946 chars]",,Wenn Wasser nicht mehr selbstverständlich ist: So leiden die Schweiz und Europa unter der Dürre. Von der Atomkraft bis zur Zuckerrübe: Die wichtigsten Antworten zu den Folgen der starken Trockenheit auf das Wirtschaftsleben.,When water can no longer be taken for granted: Switzerland and Europe are suffering from drought. From nuclear power to sugar beet: The most important answers to the consequences of severe drought on economic life.,Cum aqua diutius sumi nequit: Helvetia et Europa siti laborant. Ex potentia nuclei ad saccharo beta: Praecipua responsa siccitatis in vita oeconomica gravissima consecutionibus.,2026-08-08 07:32:58+00:00
5e3a6e7225b65f79b81cf89de0393e23,2026-08-07T07:16:28Z,'Dürre',www.bild.de,de,0.9,Gemüse knapp und teurer - Die Hitze macht unsere Pommes kürzer,"Die Dürre verknappt das Gemüseangebot und treibt Preise für Salat, Kohl, Möhren und Kartoffeln. Erfahren Sie, warum Pommes kürzer werden könnten und Obst günstiger ist.",https://www.bild.de/leben-wissen/ernaehrung-diaet/gemuese-knapp-und-teurer-die-hitze-macht-unsere-pommes-kuerzer-6a757bf9e04765407d9a2170,"https://images.bild.de/6a757bf9e04765407d9a2170/8ee227d9e5e0026245ef2ab3d1caecba,a6f26045?w=1280",http://web.archive.org/web/20260807122708/https://www.bild.de/leben-wissen/ernaehrung-diaet/gemuese-knapp-und-teurer-die-hitze-macht-unsere-pommes-kuerzer-6a757bf9e04765407d9a2170,TTS-Player überspringenArtikel weiterlesenDie anhaltende Trockenheit macht sich inzwischen auch beim Einkauf bemerkbar. Nach Einschätzung von Marktbeobachtern sind zahlreiche Gemüsesorten für Verbrau… [+3905 chars],,"Gemüse knapp und teurer - Die Hitze macht unsere Pommes kürzer. Die Dürre verknappt das Gemüseangebot und treibt Preise für Salat, Kohl, Möhren und Kartoffeln. Erfahren Sie, warum Pommes kürzer werden könnten und Obst günstiger ist.","Vegetables are scarce and more expensive - the heat makes our fries shorter. The drought is reducing the supply of vegetables and driving up prices for lettuce, cabbage, carrots and potatoes. Find out why fries could be shorter and fruit is cheaper.","Vegetabilia vix et cariora sunt - aestus nostros fricta breviora facit. Siccitas leguminum copiam minuit et pretia lactucae, brassicae, carritae et potatoes inpellens. Cur fricta brevior esse possit et fructus vilior est.",2026-08-08 07:32:58+00:00
