,phrase,label,sentiment,subjectivity,language,count,gnd,geonames,geotype,latitude,longitude,continent,country,ipcc
Iran,Iran,LOC,-0.20054517,0.17959502,de,107.00000000,4027653-3,130758,A,32.00000000,53.00000000,ASIA,Iran,WCA
Deutschland,Deutschland,LOC,-0.05640535,0.15137030,de,104.60000000,4011882-4,2921044,A,51.50000000,10.50000000,EUROPE,Germany,WCE
Rhein,Rhein,LOC,-0.10933806,0.13356974,de,84.60000000,4049739-2,12077024,L,49.31885000,8.77012000,EUROPE,Germany,WCE
Donau,Donau,LOC,-0.13432343,0.20132013,de,50.50000000,4041719-0,2866070,P,48.73218000,11.18709000,EUROPE,Germany,WCE
Elbe,Elbe,LOC,-0.03957784,0.11873351,de,37.90000000,4115252-9,2868531,P,51.43453000,13.22177000,EUROPE,Germany,WCE
Europa,Europa,LOC,-0.15504915,0.16085791,de,37.30000000,4015701-5,6255148,L,48.69096000,9.14062000,EUROPE,Germany,WCE
München,München,LOC,-0.15373045,0.22563177,de,27.70000000,4245720-8,2867714,P,48.13743000,11.57549000,EUROPE,Germany,WCE
Frankreich,Frankreich,LOC,0.03846154,0.00000000,de,26.00000000,4018145-5,3017382,A,46.00000000,2.00000000,EUROPE,France,WCE
Deutschlands,Deutschlands,LOC,-0.05952381,0.31746032,de,25.20000000,,13578534,V,53.23596000,13.49746000,EUROPE,Germany,WCE
Spanien,Spanien,LOC,-0.02600000,0.10000000,de,25.00000000,4055964-6,2510769,A,40.00000000,-4.00000000,EUROPE-AFRICA,Spain,MED
Europas,Europas,LOC,0.12288136,0.08474576,de,23.60000000,,0,,,,,,
Teheran,Teheran,LOC,-0.32650862,0.20689655,de,23.20000000,4059304-6,112931,P,35.69439000,51.42151000,ASIA,Iran,WCA
Bayern,Bayern,LOC,0.14904552,0.10279001,de,22.70000000,4005044-0,2951839,A,49.00000000,11.50000000,EUROPE,Germany,WCE
Brandenburg,Brandenburg,LOC,-0.07242991,0.18691589,de,21.40000000,4007955-7,2945356,A,52.45905000,13.01582000,EUROPE,Germany,WCE
…,…,LOC,0.05687204,0.00710900,de,21.10000000,,0,,,,,,
Österreich,Österreich,LOC,0.04228856,0.00000000,de,20.10000000,4043271-3,2782113,A,47.33333000,13.33333000,EUROPE,Austria,WCE
Dürre,Dürre,LOC,0.02312139,0.23121387,de,17.30000000,,2934402,T,50.63333000,13.30000000,EUROPE,Germany,WCE
Mexiko,Mexiko,LOC,-0.20552147,0.15337423,de,16.30000000,4039058-5,3996063,A,23.00000000,-102.00000000,CENTRAL-AMERICA,Mexico,NCA
Italien,Italien,LOC,-0.01960784,0.13071895,de,15.30000000,4027833-5,3175395,A,42.83333000,12.83333000,EUROPE-AFRICA,Italy,MED
Stadt,Stadt,LOC,0.28947368,0.13157895,de,15.20000000,,2950159,P,52.52437000,13.41053000,EUROPE,Germany,WCE
Griechenland,Griechenland,LOC,-0.11029412,0.11029412,de,13.60000000,4022047-3,390903,A,39.00000000,22.00000000,EUROPE-AFRICA,Greece,MED
Berlin,Berlin,LOC,-0.07835821,0.38432836,de,13.40000000,4005728-8,2950159,P,52.52437000,13.41053000,EUROPE,Germany,WCE
Bodensee,Bodensee,LOC,0.26923077,0.23076923,de,13.00000000,4007403-1,11919717,L,47.61495000,9.39765000,EUROPE,,WCE
Landes,Landes,LOC,0.00000000,0.06561680,de,12.70000000,,3007868,L,44.25000000,-1.00000000,EUROPE-AFRICA,France,MED
Ungarn,Ungarn,LOC,-0.23818898,0.00000000,de,12.70000000,4078541-5,719819,A,47.00000000,20.00000000,EUROPE,Hungary,WCE
Spree,Spree,LOC,0.00000000,0.39370079,de,12.70000000,4093397-0,2923588,P,52.36067000,14.06185000,EUROPE,Germany,WCE
USA,USA,LOC,-0.11440678,0.21186441,de,11.80000000,4078704-7,6255150,L,-14.60485000,-57.65625000,SOUTH-AMERICA,Brazil,SAM
Sudan,Sudan,LOC,-0.12612613,0.00000000,de,11.10000000,4058378-8,366755,A,16.00000000,30.00000000,AFRICA,Sudan,SAH
Baden-Württemberg,Baden-Württemberg,LOC,0.00000000,0.00000000,de,10.90000000,4004176-1,2953481,A,48.50000000,9.00000000,EUROPE,Germany,WCE
Magdeburg,Magdeburg,LOC,0.00000000,0.00000000,de,10.90000000,4036934-1,2874545,P,52.12773000,11.62916000,EUROPE,Germany,WCE
Sachsen,Sachsen,LOC,-0.10396040,0.54455446,de,10.10000000,4051181-9,2842565,A,52.00000000,11.73330000,EUROPE,Germany,WCE
Rheins,Rheins,LOC,0.22500000,0.10000000,de,10.00000000,,0,,,,,,
Hitze,Hitze,LOC,-0.08000000,0.05000000,de,10.00000000,,2903464,S,50.36667000,12.00000000,EUROPE,Germany,WCE
Kaub,Kaub,LOC,0.23076923,0.00000000,de,9.10000000,4194073-8,8179970,T,-9.96055000,142.21056000,ASIA,Australia,SEA
Wien,Wien,LOC,0.15555556,0.11111111,de,9.00000000,4066009-6,2761369,P,48.20849000,16.37208000,EUROPE,Austria,WCE
Niederösterreich,Niederösterreich,LOC,-0.03932584,0.16853933,de,8.90000000,4075391-8,2770542,A,48.33333000,15.75000000,EUROPE,Austria,WCE
Türkei,Türkei,LOC,-0.43137255,0.86274510,de,8.50000000,4061163-2,298795,A,39.00000000,35.00000000,EUROPE-AFRICA,Turkey,MED
Afrika,Afrika,LOC,0.36470588,0.00000000,de,8.50000000,4000695-5,6255146,L,7.18810000,21.09375000,AFRICA,Central African Republic,CAF
Thüringen,Thüringen,LOC,-0.08536585,0.00000000,de,8.20000000,4059979-6,2822542,A,50.91667000,11.00000000,EUROPE,Germany,WCE
Oberösterreich,Oberösterreich,LOC,-0.35975610,0.00000000,de,8.20000000,4074255-6,2772400,P,48.30639000,14.28611000,EUROPE,Austria,WCE
Köln,Köln,LOC,-0.04320988,0.06172840,de,8.10000000,4031483-2,2886242,P,50.93333000,6.95000000,EUROPE,Germany,WCE
Steiermark,Steiermark,LOC,0.03703704,0.12345679,de,8.10000000,4057092-7,2764581,A,47.25000000,15.16667000,EUROPE,Austria,WCE
Bund,Bund,LOC,0.08974359,0.00000000,de,7.80000000,,10519668,L,20.49241000,79.45535000,ASIA,India,SAS
Freistaat,Freistaat,LOC,-0.18468468,0.11261261,de,7.40000000,4059979-6,2822542,A,50.91667000,11.00000000,EUROPE,Germany,WCE
Indien,Indien,LOC,0.00000000,0.13698630,de,7.30000000,4026722-2,1269750,A,22.00000000,79.00000000,ASIA,India,SAS
Österreichs,Österreichs,LOC,-0.12785388,0.04566210,de,7.30000000,,13513071,S,48.20430000,16.37016000,EUROPE,Austria,WCE
Wassermangel,Wassermangel,LOC,-0.04109589,0.27397260,de,7.30000000,,7911102,P,51.33281000,6.95615000,EUROPE,Germany,WCE
Erde,Erde,LOC,-0.06164384,0.17123288,de,7.30000000,1135962553,6295630,L,0.00000000,0.00000000,ATLANTIC,,EAO
Hessen,Hessen,LOC,-0.01428571,0.07142857,de,7.00000000,4024729-6,2905330,A,50.55000000,9.00000000,EUROPE,Germany,WCE
Allgäu,Allgäu,LOC,-0.08088235,0.00000000,de,6.80000000,4030234-9,2891621,P,47.72674000,10.31389000,EUROPE,Germany,WCE
Oberbayern,Oberbayern,LOC,-0.10447761,0.00000000,de,6.70000000,4245720-8,2867714,P,48.13743000,11.57549000,EUROPE,Germany,WCE
Bayerns,Bayerns,LOC,-0.13636364,0.15151515,de,6.60000000,,0,,,,,,
China,China,LOC,0.09848485,0.22727273,de,6.60000000,4009937-4,1814991,A,35.00000000,105.00000000,ASIA,China,EAS
Rheinland-Pfalz,Rheinland-Pfalz,LOC,-0.26153846,0.00000000,de,6.50000000,4049795-1,2847618,A,49.66667000,7.50000000,EUROPE,Germany,WCE
Ostsee,Ostsee,LOC,0.10937500,0.46875000,de,6.40000000,4044107-6,2633321,H,56.00000000,18.00000000,EUROPE,Germany,NEU
Südfrankreich,Südfrankreich,LOC,-0.26562500,0.15625000,de,6.40000000,,0,,,,,,
Klimawandel,Klimawandel,LOC,-0.10937500,0.46875000,de,6.40000000,,0,,,,,,
Wattenmeer,Wattenmeer,LOC,0.21875000,0.00000000,de,6.40000000,,3230285,L,53.57731000,6.93703000,EUROPE,Germany,NEU
Brandenburger,Brandenburger,LOC,-0.41406250,0.54687500,de,6.40000000,,2864052,V,52.35000000,12.50000000,EUROPE,Germany,WCE
Sachsen-Anhalt,Sachsen-Anhalt,LOC,-0.00555556,0.15873016,de,6.30000000,4036934-1,2874545,P,52.12773000,11.62916000,EUROPE,Germany,WCE
Irans,Irans,LOC,0.20535714,0.00000000,de,5.60000000,,0,,,,,,
Ostfriesischen Inseln,Ostfriesischen Inseln,LOC,0.08181818,0.00000000,de,5.50000000,,2856306,T,53.73333000,7.41667000,EUROPE,Germany,NEU
Ibiza,Ibiza,LOC,-0.18181818,0.00000000,de,5.50000000,4026432-4,6299339,S,38.87286000,1.37312000,EUROPE-AFRICA,Spain,MED
Wassernotstand,Wassernotstand,LOC,0.00000000,0.00000000,de,5.50000000,,0,,,,,,
Flüssen,Flüssen,LOC,0.10000000,0.36363636,de,5.50000000,,2926035,P,48.21861000,10.27462000,EUROPE,Germany,WCE
Bulgarien,Bulgarien,LOC,-0.28484848,0.42424242,de,5.50000000,4008866-2,732800,A,42.66667000,25.25000000,EUROPE-AFRICA,Bulgaria,MED
Bordeaux,Bordeaux,LOC,-0.36363636,0.00000000,de,5.50000000,4088072-2,3031582,P,44.84124000,-0.58046000,EUROPE-AFRICA,France,MED
Hessens,Hessens,LOC,0.06363636,0.27272727,de,5.50000000,,13521977,S,53.51562000,8.07473000,EUROPE,Germany,NEU
Israel,Israel,LOC,0.00000000,0.00000000,de,5.50000000,4027808-6,294640,A,31.50000000,34.75000000,EUROPE-AFRICA,Israel,MED
Schmalwasser-Talsperre,Schmalwasser-Talsperre,LOC,-0.25454545,0.00000000,de,5.50000000,,0,,,,,,
Grundwasser,Grundwasser,LOC,0.06481481,0.27777778,de,5.40000000,,0,,,,,,
Land,Land,LOC,-0.25925926,0.00000000,de,5.40000000,,3421288,L,81.90000000,-56.75000000,POLAR,Greenland,GIC
Niedersachsen,Niedersachsen,LOC,0.08163265,0.00000000,de,4.90000000,4042226-4,2862926,A,52.83333000,9.16667000,EUROPE,Germany,WCE
Rekord-Niedrigwasser,Rekord-Niedrigwasser,LOC,0.00000000,0.00000000,de,4.60000000,,0,,,,,,
Potsdamer,Potsdamer,LOC,0.21739130,0.21739130,de,4.60000000,,2852454,S,52.50939000,13.37638000,EUROPE,Germany,WCE
Niedrigwasser,Niedrigwasser,LOC,-0.45652174,0.00000000,de,4.60000000,,0,,,,,,
Afghanistan,Afghanistan,LOC,-0.30434783,0.00000000,de,4.60000000,4000687-6,1149361,A,33.00000000,66.00000000,ASIA,Afghanistan,WCA
Ukraine,Ukraine,LOC,-0.21739130,0.00000000,de,4.60000000,4061496-7,690791,A,49.00000000,32.00000000,EUROPE,Ukraine,WCE
Rekordtief,Rekordtief,LOC,0.00000000,0.00000000,de,4.60000000,,0,,,,,,
Niederlande,Niederlande,LOC,-0.15217391,0.00000000,de,4.60000000,4042203-3,2750405,A,52.25000000,5.75000000,EUROPE,The Netherlands,NEU
Patagonien,Patagonien,LOC,-0.06521739,0.00000000,de,4.60000000,4044867-8,3841798,L,-44.00000000,-68.00000000,SOUTH-AMERICA,Argentina,SSA
El Niño,El Niño,LOC,0.00000000,0.00000000,de,4.60000000,,12513655,L,-0.90231000,-89.52853000,PACIFIC,Ecuador,EPO
Panamakanal,Panamakanal,LOC,-0.65217391,0.00000000,de,4.60000000,,0,,,,,,
Nordsee,Nordsee,LOC,0.55434783,0.21739130,de,4.60000000,4042579-4,2960848,H,55.33333000,3.00000000,EUROPE,,NEU
Rumänien,Rumänien,LOC,0.00000000,0.21739130,de,4.60000000,4050939-4,798549,A,46.00000000,25.00000000,EUROPE,Romania,WCE
Äckern,Äckern,LOC,-0.66666667,0.00000000,de,4.50000000,,3321501,L,48.57611000,16.60667000,EUROPE,Austria,WCE
Brasilien,Brasilien,LOC,0.00000000,0.00000000,de,4.20000000,4008003-1,3469034,A,-10.00000000,-55.00000000,SOUTH-AMERICA,Brazil,SAM
Athen,Athen,LOC,-0.17500000,0.00000000,de,4.00000000,4003366-1,264371,P,37.98376000,23.72784000,EUROPE-AFRICA,Greece,MED
Trab,Trab,LOC,-0.17500000,0.00000000,de,4.00000000,,2596174,L,31.14459000,-6.56317000,EUROPE-AFRICA,Morocco,MED
den USA,den USA,LOC,-0.48717949,0.12820513,de,3.90000000,4011446-6,2747373,P,52.07667000,4.29861000,EUROPE,The Netherlands,NEU
Gaza,Gaza,LOC,-0.09210526,0.13157895,de,3.80000000,4092680-1,281133,P,31.50161000,34.46672000,EUROPE-AFRICA,Palestinian Territory,MED
Universität Innsbruck,Universität Innsbruck,LOC,0.18421053,0.00000000,de,3.80000000,,0,,,,,,
Alpen,Alpen,LOC,-0.27027027,0.27027027,de,3.70000000,4001328-5,682673,T,45.50000000,24.25000000,EUROPE,Romania,WCE
Namibia,Namibia,LOC,0.08108108,0.00000000,de,3.70000000,4075202-1,3355338,A,-22.00000000,17.00000000,AFRICA,Namibia,WSAF
Colorado,Colorado,LOC,0.00000000,0.00000000,de,3.70000000,4010406-0,5417618,A,39.00027000,-105.50083000,NORTH-AMERICA,United States,WNA
Großbritannien,Großbritannien,LOC,0.00000000,0.00000000,de,3.70000000,4022153-2,2635167,A,54.75844000,-2.69531000,EUROPE,United Kingdom,NEU
Dresden,Dresden,LOC,0.00000000,0.27027027,de,3.70000000,4012995-0,2935022,P,51.05089000,13.73832000,EUROPE,Germany,WCE
Wasser,Wasser,LOC,-0.27027027,0.00000000,de,3.70000000,,3084438,H,51.10648000,16.82989000,EUROPE,Poland,WCE
Hitzerekorde,Hitzerekorde,LOC,-0.18918919,0.00000000,de,3.70000000,,0,,,,,,
Betwa,Betwa,LOC,0.00000000,0.00000000,de,3.70000000,,1276386,H,25.91814000,80.21417000,ASIA,India,SAS
Schweiz,Schweiz,LOC,0.05405405,0.13513514,de,3.70000000,4053881-3,2658434,A,47.00016000,8.01427000,EUROPE,Switzerland,WCE
Chile,Chile,LOC,-0.18918919,0.00000000,de,3.70000000,4009929-5,3895114,A,-30.00000000,-71.00000000,SOUTH-AMERICA,Chile,SWS
Bonn,Bonn,LOC,0.45945946,0.27027027,de,3.70000000,4007666-0,6296510,S,50.87894000,7.12292000,EUROPE,Germany,WCE
Alonissos,Alonissos,LOC,0.00000000,0.00000000,de,3.70000000,4634825-6,265263,P,39.15000000,23.85000000,EUROPE-AFRICA,Greece,MED
Serbien,Serbien,LOC,0.37837838,0.00000000,de,3.70000000,4054598-2,6290252,A,44.81892000,20.45998000,EUROPE-AFRICA,Serbia,MED
Koblenz,Koblenz,LOC,-0.18918919,0.00000000,de,3.70000000,4031410-8,2886946,P,50.35357000,7.57883000,EUROPE,Germany,WCE
Tirol,Tirol,LOC,0.18918919,0.00000000,de,3.70000000,4027096-8,2775220,P,47.26266000,11.39454000,EUROPE,Austria,WCE
d…,d…,LOC,0.06306306,0.00000000,de,3.70000000,,0,,,,,,
Notstand,Notstand,LOC,0.00000000,0.00000000,de,3.70000000,,0,,,,,,
Feldern,Feldern,LOC,-0.27972973,0.00000000,de,3.70000000,,2779676,S,47.38333000,11.00000000,EUROPE,Austria,WCE
Kommunen,Kommunen,LOC,0.00000000,0.00000000,de,3.70000000,4115052-1,2994935,P,48.30337000,-0.61383000,EUROPE,France,WCE
Edersee,Edersee,LOC,0.54054054,0.27027027,de,3.70000000,1074002431,2906586,P,51.17589000,9.05468000,EUROPE,Germany,WCE
Waldbränden,Waldbränden,LOC,-0.27027027,0.27027027,de,3.70000000,,0,,,,,,
Frankreichs,Frankreichs,LOC,0.00000000,0.00000000,de,3.70000000,,0,,,,,,
Dürreperioden,Dürreperioden,LOC,0.00000000,0.09009009,de,3.70000000,,0,,,,,,
Staaten,Staaten,LOC,-0.30303030,0.60606061,de,3.30000000,4078704-7,6252001,A,39.76000000,-98.50000000,NORTH-AMERICA,United States,CNA
Artensterben,Artensterben,LOC,-0.36559140,0.00000000,de,3.10000000,,0,,,,,,
Park Wechselburg,Park Wechselburg,LOC,0.00000000,0.00000000,de,3.00000000,,0,,,,,,
Madagaskar,Madagaskar,LOC,0.00000000,0.00000000,de,3.00000000,4074425-5,1062947,A,-20.00000000,47.00000000,AFRICA,Madagascar,MDG
Schlosspark Wechselburg,Schlosspark Wechselburg,LOC,0.00000000,0.33333333,de,3.00000000,,0,,,,,,
Brandenburgs,Brandenburgs,LOC,-0.23333333,0.33333333,de,3.00000000,,8181624,S,52.36213000,13.50168000,EUROPE,Germany,WCE
Madrid,Madrid,LOC,0.48275862,0.00000000,de,2.90000000,4036862-2,3117735,P,40.41650000,-3.70256000,EUROPE-AFRICA,Spain,MED
US-Präsident,US-Präsident,LOC,-0.34482759,0.00000000,de,2.90000000,,0,,,,,,
Herausforderungen,Herausforderungen,LOC,0.00000000,0.00000000,de,2.90000000,,0,,,,,,
Belém,Belém,LOC,-0.60714286,0.35714286,de,2.80000000,4208294-8,3405870,P,-1.45583000,-48.50444000,SOUTH-AMERICA,Brazil,NES
D…,D…,LOC,0.00000000,0.00000000,de,2.80000000,,0,,,,,,
Regengebeten,Regengebeten,LOC,0.00000000,0.00000000,de,2.80000000,,0,,,,,,
Wolkenimpfen,Wolkenimpfen,LOC,0.00000000,0.00000000,de,2.80000000,,0,,,,,,
Flachgau,Flachgau,LOC,0.50000000,0.00000000,de,2.80000000,4017369-0,3323145,L,47.94500000,13.00000000,EUROPE,Austria,WCE
Anpassungsstrategien,Anpassungsstrategien,LOC,0.00000000,0.00000000,de,2.80000000,,0,,,,,,
WSA,WSA,LOC,0.00000000,0.00000000,de,2.80000000,,2939386,H,52.44666000,13.57261000,EUROPE,Germany,WCE
Vorarlberg,Vorarlberg,LOC,0.35714286,0.00000000,de,2.80000000,4063944-7,2762300,A,47.25000000,9.91667000,EUROPE,Austria,WCE
Nordseeküste,Nordseeküste,LOC,0.25000000,0.00000000,de,2.80000000,4075482-0,12076810,L,53.83568000,8.11677000,EUROPE,Germany,NEU
Vorsorge,Vorsorge,LOC,0.00000000,0.00000000,de,2.80000000,,0,,,,,,
Emser Hütte,Emser Hütte,LOC,-0.05357143,0.00000000,de,2.80000000,,3324312,S,47.35211000,9.72178000,EUROPE,Austria,WCE
Waldbrände,Waldbrände,LOC,-0.25000000,0.00000000,de,2.80000000,,0,,,,,,
Gewässern,Gewässern,LOC,0.00000000,0.00000000,de,2.80000000,,0,,,,,,
El Obeid,El Obeid,LOC,0.10714286,0.00000000,de,2.80000000,,379003,P,13.18421000,30.21669000,AFRICA,Sudan,NEAF
Rügen,Rügen,LOC,-0.74107143,0.00000000,de,2.80000000,4050875-4,2843325,T,54.41667000,13.40000000,EUROPE,Germany,NEU
Böden,Böden,LOC,0.00000000,0.00000000,de,2.80000000,,11903818,P,47.67815000,14.17010000,EUROPE,Austria,WCE
Ägypten,Ägypten,LOC,0.00000000,0.00000000,de,2.80000000,4000556-2,357994,A,27.00000000,30.00000000,AFRICA,Egypt,SAH
Australien,Australien,LOC,-0.35714286,0.35714286,de,2.80000000,4003900-6,2077456,A,-25.00000000,135.00000000,OCEANIA,Australia,CAU
NRW,NRW,LOC,-0.50000000,0.00000000,de,2.80000000,4031483-2,2886242,P,50.93333000,6.95000000,EUROPE,Germany,WCE
Rheingau,Rheingau,LOC,0.00000000,0.00000000,de,2.80000000,4049757-4,2847636,L,50.03552000,8.08212000,EUROPE,Germany,WCE
Trockenperioden,Trockenperioden,LOC,-0.25000000,0.00000000,de,2.80000000,,0,,,,,,
Südhessen,Südhessen,LOC,0.00000000,0.00000000,de,2.80000000,4058431-8,12076807,L,49.86990000,8.64058000,EUROPE,Germany,WCE
Niedrigwassers am Rhein,Niedrigwassers am Rhein,LOC,-0.25000000,0.00000000,de,2.80000000,,0,,,,,,
Syrien,Syrien,LOC,0.00000000,0.00000000,de,2.80000000,4058794-0,163843,A,35.00000000,38.00000000,EUROPE-AFRICA,Syria,MED
Südtirol,Südtirol,LOC,0.00000000,0.35714286,de,2.80000000,4060814-1,3165244,A,46.50000000,11.33333000,EUROPE,Italy,WCE
Hiddensee,Hiddensee,LOC,-0.52678571,0.00000000,de,2.80000000,4024834-3,2904885,T,54.54063000,13.10123000,EUROPE,Germany,NEU
Dürren,Dürren,LOC,-0.17857143,0.17857143,de,2.80000000,7817362-0,2934379,T,50.63986000,10.43289000,EUROPE,Germany,WCE
Wasserstands,Wasserstands,LOC,0.00000000,0.71428571,de,2.80000000,,0,,,,,,
Tiroler,Tiroler,LOC,0.00000000,0.71428571,de,2.80000000,,2783037,H,47.85000000,12.50000000,EUROPE,Germany,WCE
Starkregen,Starkregen,LOC,0.00000000,0.35714286,de,2.80000000,,0,,,,,,
Budapest,Budapest,LOC,-0.35714286,0.35714286,de,2.80000000,4008684-7,3054643,P,47.49835000,19.04045000,EUROPE,Hungary,WCE
Ecuador,Ecuador,LOC,0.00000000,0.00000000,de,2.80000000,4129321-6,3658394,A,-1.25000000,-78.25000000,SOUTH-AMERICA,Ecuador,NWS
Australiens,Australiens,LOC,-0.71428571,0.35714286,de,2.80000000,,0,,,,,,
Bundesrepublik,Bundesrepublik,LOC,-0.08928571,0.17857143,de,2.80000000,4011889-7,11612754,A,50.73389000,7.09972000,EUROPE,Germany,WCE
Niedrigwasser am Rhein,Niedrigwasser am Rhein,LOC,0.00000000,0.00000000,de,2.80000000,,0,,,,,,
Griechenlands,Griechenlands,LOC,-0.71428571,0.00000000,de,2.80000000,,0,,,,,,
Klagenfurt,Klagenfurt,LOC,-0.71428571,0.00000000,de,2.80000000,4030921-6,2774326,P,46.62472000,14.30528000,EUROPE,Austria,WCE
Halligen,Halligen,LOC,0.25000000,0.00000000,de,2.80000000,4023049-1,2911479,T,54.56693000,8.65713000,EUROPE,Germany,NEU
Rheinufer,Rheinufer,LOC,0.00000000,0.00000000,de,2.80000000,,2847598,P,51.16667000,6.85000000,EUROPE,Germany,WCE
Portugal,Portugal,LOC,-0.35714286,0.35714286,de,2.80000000,4046843-4,2264397,A,39.69450000,-8.13057000,EUROPE-AFRICA,Portugal,MED
Stadt München,Stadt München,LOC,0.00000000,0.00000000,de,2.80000000,4245720-8,2867714,P,48.13743000,11.57549000,EUROPE,Germany,WCE
Paks,Paks,LOC,0.00000000,0.00000000,de,2.80000000,4097759-6,3050434,P,46.90618000,19.69128000,EUROPE,Hungary,WCE
Privacy Center,Privacy Center,LOC,0.00000000,0.00000000,de,2.80000000,,0,,,,,,
Klimakrise,Klimakrise,LOC,-0.25000000,0.00000000,de,2.80000000,,0,,,,,,
Panamakanals,Panamakanals,LOC,-1.07142857,0.00000000,de,2.80000000,,0,,,,,,
Gatún-See,Gatún-See,LOC,-1.07142857,0.00000000,de,2.80000000,,0,,,,,,
Wasserreserven,Wasserreserven,LOC,-0.35714286,0.00000000,de,2.80000000,,0,,,,,,
Gemeinde,Gemeinde,LOC,-0.37500000,0.11904762,de,2.80000000,4062244-7,3042030,P,47.14151000,9.52154000,EUROPE,Liechtenstein,WCE
Afrikas,Afrikas,LOC,-0.35714286,0.00000000,de,2.80000000,,0,,,,,,
Italiens,Italiens,LOC,0.00000000,0.71428571,de,2.80000000,,6116880,H,46.36199000,-74.81286000,NORTH-AMERICA,Canada,ENA
Formentera,Formentera,LOC,0.00000000,0.00000000,de,2.80000000,4017869-9,2517690,T,38.69467000,1.46919000,EUROPE-AFRICA,Spain,MED
Nazisymbole,Nazisymbole,LOC,-0.71428571,0.00000000,de,2.80000000,,0,,,,,,
Regen,Regen,LOC,0.00000000,0.00000000,de,2.80000000,4048975-9,2849495,P,48.97190000,13.12824000,EUROPE,Germany,WCE
Hamburg,Hamburg,LOC,0.35714286,0.00000000,de,2.80000000,4239189-1,2911298,P,53.55073000,9.99302000,EUROPE,Germany,NEU
Deutschlands Böden,Deutschlands Böden,LOC,0.00000000,0.00000000,de,2.80000000,,0,,,,,,
“,“,LOC,0.25925926,0.00000000,de,2.70000000,,0,,,,,,
Zirl,Zirl,LOC,0.00000000,0.00000000,de,2.60000000,4119248-5,2760523,P,47.27410000,11.23961000,EUROPE,Austria,WCE
Baruth/Mark,Baruth/Mark,LOC,-0.46153846,0.05769231,de,2.60000000,4550655-3,7602464,A,52.05000000,13.50000000,EUROPE,Germany,WCE
Irak,Irak,LOC,0.00000000,0.00000000,de,2.40000000,4072920-5,99237,A,33.00000000,44.00000000,ASIA,Iraq,WCA
Pischeldorf,Pischeldorf,LOC,-0.35000000,0.00000000,de,2.00000000,407643-6,2768763,P,46.68333000,14.45000000,EUROPE,Austria,WCE
Krisengebieten,Krisengebieten,LOC,0.00000000,0.00000000,de,2.00000000,,0,,,,,,
Forbach,Forbach,LOC,-0.35000000,0.00000000,de,2.00000000,4387431-9,3017805,P,49.18848000,6.89255000,EUROPE,France,WCE
Sizilien,Sizilien,LOC,0.00000000,0.00000000,de,2.00000000,4055193-3,2523118,T,37.62304000,13.93457000,EUROPE-AFRICA,Italy,MED
Gesundheitsministerium Bilanz,Gesundheitsministerium Bilanz,LOC,-0.70000000,0.00000000,de,2.00000000,,0,,,,,,
Brückl,Brückl,LOC,-0.35000000,0.00000000,de,2.00000000,4762165-5,2781364,P,46.75167000,14.53667000,EUROPE,Austria,WCE
Glan,Glan,LOC,-0.50000000,0.00000000,de,2.00000000,,1221704,T,37.88069000,74.89885000,ASIA,Tajikistan,WCA
Rajoelina,Rajoelina,LOC,0.00000000,0.00000000,de,2.00000000,,0,,,,,,
Mali,Mali,LOC,-0.35000000,0.00000000,de,2.00000000,4074505-3,2453866,A,18.00000000,-2.00000000,AFRICA,Mali,SAH
Wechselburg,Wechselburg,LOC,0.00000000,0.00000000,de,2.00000000,4064919-2,2813524,P,51.00214000,12.77661000,EUROPE,Germany,WCE
Mandeln,Mandeln,LOC,-0.35000000,0.00000000,de,2.00000000,10160779-9,2873982,P,50.85078000,8.33897000,EUROPE,Germany,WCE
Andalusien,Andalusien,LOC,-0.70000000,0.50000000,de,2.00000000,4001909-3,2593109,A,37.50000000,-4.58333000,EUROPE-AFRICA,Spain,MED
Poppichl,Poppichl,LOC,-0.50000000,0.00000000,de,2.00000000,,2768504,P,46.66417000,14.30222000,EUROPE,Austria,WCE
Al-Faschir,Al-Faschir,LOC,0.00000000,0.00000000,de,2.00000000,4339018-3,379555,P,13.62793000,25.34936000,AFRICA,Sudan,CAF
Waldfläche,Waldfläche,LOC,0.00000000,0.00000000,de,2.00000000,,0,,,,,,
Bursa,Bursa,LOC,-0.33333333,0.66666667,de,2.00000000,4009173-9,750269,P,40.19559000,29.06013000,EUROPE-AFRICA,Turkey,MED
Rekordtempo,Rekordtempo,LOC,0.00000000,0.00000000,de,2.00000000,,0,,,,,,
Hooge,Hooge,LOC,-0.73684211,0.00000000,de,1.90000000,4025836-1,2899294,T,54.56916000,8.54283000,EUROPE,Germany,NEU
Amrum,Amrum,LOC,-0.73684211,0.00000000,de,1.90000000,4001781-3,2956359,T,54.65974000,8.33969000,EUROPE,Germany,NEU
Langeneß,Langeneß,LOC,-0.73684211,0.00000000,de,1.90000000,4099029-1,2881091,P,54.64046000,8.59183000,EUROPE,Germany,NEU
Naturschützer,Naturschützer,LOC,-1.05263158,0.00000000,de,1.90000000,,0,,,,,,
Föhr,Föhr,LOC,-0.73684211,0.00000000,de,1.90000000,4067126-4,2805396,P,54.69140000,8.56702000,EUROPE,Germany,NEU
Touristenmagnet,Touristenmagnet,LOC,0.00000000,0.00000000,de,1.90000000,,0,,,,,,
Sommerferien-Saison,Sommerferien-Saison,LOC,0.00000000,0.00000000,de,1.90000000,,0,,,,,,
Pellworm,Pellworm,LOC,-0.73684211,0.00000000,de,1.90000000,4045063-6,2854995,T,54.52007000,8.65202000,EUROPE,Germany,NEU
Amazonas-Gebiet,Amazonas-Gebiet,LOC,0.00000000,0.00000000,de,1.90000000,,0,,,,,,
Provinz Limburg,Provinz Limburg,LOC,0.00000000,0.00000000,de,1.90000000,4036784-8,2751283,P,50.84833000,5.68889000,EUROPE,The Netherlands,WCE
Neuen Garten,Neuen Garten,LOC,0.00000000,0.52631579,de,1.90000000,,0,,,,,,
Ostwind,Ostwind,LOC,0.00000000,0.00000000,de,1.90000000,,0,,,,,,
Industriekartoffeln,Industriekartoffeln,LOC,0.00000000,0.00000000,de,1.90000000,,0,,,,,,
Bergener Moos,Bergener Moos,LOC,0.36842105,0.00000000,de,1.90000000,4637930-7,2950612,H,47.80649000,12.55490000,EUROPE,Germany,WCE
Nordkoreas,Nordkoreas,LOC,-0.36842105,0.00000000,de,1.90000000,,0,,,,,,
Monaten,Monaten,LOC,-0.36842105,0.52631579,de,1.90000000,,0,,,,,,
Darfur,Darfur,LOC,0.00000000,0.00000000,de,1.90000000,4090906-2,369004,P,12.04888000,24.88069000,AFRICA,Sudan,CAF
Zentralafrikanischen Republik,Zentralafrikanischen Republik,LOC,-0.36842105,0.00000000,de,1.90000000,,0,,,,,,
Nordrhein-Westfalens,Nordrhein-Westfalens,LOC,0.00000000,0.00000000,de,1.90000000,,0,,,,,,
leiden,leiden,LOC,-1.05263158,0.00000000,de,1.90000000,4074118-7,2751773,P,52.15833000,4.49306000,EUROPE,The Netherlands,NEU
Argentiniens,Argentiniens,LOC,0.00000000,0.00000000,de,1.90000000,,0,,,,,,
Potsdam,Potsdam,LOC,0.00000000,0.00000000,de,1.90000000,4046948-7,2852458,P,52.39886000,13.06566000,EUROPE,Germany,WCE
Stadt Wien,Stadt Wien,LOC,0.52631579,0.00000000,de,1.90000000,4066009-6,2761369,P,48.20849000,16.37208000,EUROPE,Austria,WCE
Uganda,Uganda,LOC,0.36842105,0.00000000,de,1.90000000,4061457-8,226074,A,1.25000000,32.50000000,AFRICA,Uganda,SEAF
Ugandas,Ugandas,LOC,0.00000000,0.00000000,de,1.90000000,,0,,,,,,
Nieder-,Nieder-,LOC,-0.81578947,0.00000000,de,1.90000000,,2960227,P,49.83333000,6.01667000,EUROPE,Luxembourg,WCE
Ibizas,Ibizas,LOC,-0.36842105,0.00000000,de,1.90000000,,0,,,,,,
Wasserstraßen- und Schifffahrtsamt,Wasserstraßen- und Schifffahrtsamt,LOC,0.00000000,0.00000000,de,1.90000000,,0,,,,,,
Dürre-Experte,Dürre-Experte,LOC,-0.36842105,0.52631579,de,1.90000000,,0,,,,,,
Binnenmeer,Binnenmeer,LOC,0.73684211,0.00000000,de,1.90000000,,0,,,,,,
Extremwetter,Extremwetter,LOC,0.00000000,0.00000000,de,1.90000000,,0,,,,,,
Uni-Viertel,Uni-Viertel,LOC,0.00000000,0.52631579,de,1.90000000,,0,,,,,,
Pegelstand des Bodensees,Pegelstand des Bodensees,LOC,0.00000000,0.00000000,de,1.90000000,,0,,,,,,
zweitwärmste,zweitwärmste,LOC,0.00000000,0.00000000,de,1.90000000,,0,,,,,,
Nigeria,Nigeria,LOC,0.00000000,0.00000000,de,1.90000000,4042300-1,2328926,A,10.00000000,8.00000000,AFRICA,Nigeria,WAF
Kreis Oder-Spree,Kreis Oder-Spree,LOC,0.00000000,0.00000000,de,1.90000000,,0,,,,,,
Gießen,Gießen,LOC,-0.52631579,0.00000000,de,1.90000000,4020989-1,2920512,P,50.58727000,8.67554000,EUROPE,Germany,WCE
Pazifik,Pazifik,LOC,0.00000000,0.52631579,de,1.90000000,,0,,,,,,
Lösungen,Lösungen,LOC,0.00000000,0.00000000,de,1.90000000,,0,,,,,,
Badewetter,Badewetter,LOC,1.05263158,0.00000000,de,1.90000000,,0,,,,,,
Appellen,Appellen,LOC,-0.73684211,0.00000000,de,1.90000000,,0,,,,,,
Hitze-Liveblog,Hitze-Liveblog,LOC,-0.52631579,0.52631579,de,1.90000000,,0,,,,,,
Hausruckviertel,Hausruckviertel,LOC,-0.36842105,0.00000000,de,1.90000000,,0,,,,,,
Innviertel,Innviertel,LOC,-0.36842105,0.00000000,de,1.90000000,4027101-8,2775213,L,48.25000000,13.25000000,EUROPE,Austria,WCE
Klimaschwankungen,Klimaschwankungen,LOC,0.36842105,0.52631579,de,1.90000000,,0,,,,,,
Nahe,Nahe,LOC,0.00000000,0.00000000,de,1.90000000,4041154-0,3313702,L,49.60000000,7.25000000,EUROPE,Germany,WCE
B,B,LOC,0.00000000,0.00000000,de,1.90000000,,3577757,S,18.44483000,-64.54297000,CENTRAL-AMERICA,British Virgin Islands,CAR
Cloud-Seeding,Cloud-Seeding,LOC,0.00000000,0.00000000,de,1.90000000,,0,,,,,,
Wasserständen,Wasserständen,LOC,-0.07894737,0.00000000,de,1.90000000,,0,,,,,,
Provinz,Provinz,LOC,0.00000000,0.00000000,de,1.90000000,1029061-8,890299,P,-17.82772000,31.05337000,AFRICA,Zimbabwe,ESAF
Barbarossa,Barbarossa,LOC,0.00000000,0.00000000,de,1.90000000,,3182393,T,40.98500000,8.25556000,EUROPE-AFRICA,Italy,MED
Co.,Co.,LOC,0.00000000,0.52631579,de,1.90000000,,12217089,L,8.62000000,-170.11000000,PACIFIC,,NPO
Mulde,Mulde,LOC,-0.18421053,0.78947368,de,1.90000000,,2867861,H,51.86944000,12.23147000,EUROPE,Germany,WCE
Sachsens,Sachsens,LOC,-0.36842105,0.52631579,de,1.90000000,,0,,,,,,
Baden im Rhein,Baden im Rhein,LOC,-1.05263158,0.00000000,de,1.90000000,4008109-6,2944800,P,48.03279000,7.58294000,EUROPE,Germany,WCE
Wasser-Chef,Wasser-Chef,LOC,0.00000000,0.00000000,de,1.90000000,,0,,,,,,
Grundwasservorkommen,Grundwasservorkommen,LOC,0.00000000,0.00000000,de,1.90000000,,0,,,,,,
Tinos,Tinos,LOC,0.00000000,0.00000000,de,1.90000000,7530920-8,252853,T,37.60456000,25.11964000,EUROPE-AFRICA,Greece,MED
Küstenbewohnern,Küstenbewohnern,LOC,-1.05263158,0.00000000,de,1.90000000,,0,,,,,,
Eindringlinge bedrohen,Eindringlinge bedrohen,LOC,-1.05263158,0.00000000,de,1.90000000,,0,,,,,,
Venetien,Venetien,LOC,-0.36842105,0.00000000,de,1.90000000,4062510-2,3164604,A,45.50000000,11.75000000,EUROPE,Italy,WCE
Waldbrand,Waldbrand,LOC,-0.36842105,0.52631579,de,1.90000000,,0,,,,,,
Departements Pyrénées-Orientales,Departements Pyrénées-Orientales,LOC,0.00000000,0.00000000,de,1.90000000,,0,,,,,,
Wasserstand der Donau,Wasserstand der Donau,LOC,0.00000000,0.52631579,de,1.90000000,,0,,,,,,
Neiße,Neiße,LOC,-0.36842105,0.00000000,de,1.90000000,4041573-9,2866578,H,52.06944000,14.75583000,EUROPE,Poland,WCE
Somalia,Somalia,LOC,-0.36842105,0.00000000,de,1.90000000,4077509-4,51537,A,6.00000000,48.00000000,AFRICA,Somalia,NEAF
Marokko,Marokko,LOC,0.00000000,0.52631579,de,1.90000000,4037680-1,2542007,A,28.50000000,-10.00000000,AFRICA,Morocco,SAH
Indus-Tal,Indus-Tal,LOC,0.00000000,0.00000000,de,1.90000000,,0,,,,,,
Flüsse,Flüsse,LOC,0.00000000,0.00000000,de,1.90000000,,0,,,,,,
Spaniens,Spaniens,LOC,0.00000000,0.00000000,de,1.90000000,,0,,,,,,
Hard,Hard,LOC,-0.36842105,0.00000000,de,1.90000000,4239361-9,10787539,T,-54.05000000,-37.96667000,SOUTHERN,South Georgia and the South Sandwich Islands,SOO
Nationalpark Donau-Auen,Nationalpark Donau-Auen,LOC,0.36842105,0.52631579,de,1.90000000,,0,,,,,,
Schwarzen Elster,Schwarzen Elster,LOC,0.73684211,0.00000000,de,1.90000000,,0,,,,,,
Mexiko-Stadt,Mexiko-Stadt,LOC,0.00000000,0.00000000,de,1.90000000,4039060-3,3530597,P,19.42847000,-99.12766000,CENTRAL-AMERICA,Mexico,NCA
Trends,Trends,LOC,0.00000000,0.00000000,de,1.90000000,,11001611,S,22.95221000,113.37438000,ASIA,China,EAS
sn,sn,LOC,0.00000000,0.52631579,de,1.90000000,4000695-5,6255146,L,7.18810000,21.09375000,AFRICA,Central African Republic,CAF
Bodensees,Bodensees,LOC,0.73684211,0.00000000,de,1.90000000,,0,,,,,,
Dürre in Europa,Dürre in Europa,LOC,0.00000000,0.00000000,de,1.90000000,,0,,,,,,
Müllberge,Müllberge,LOC,0.00000000,0.00000000,de,1.90000000,,0,,,,,,
Verkehrschaos,Verkehrschaos,LOC,0.00000000,0.00000000,de,1.90000000,,0,,,,,,
Bali,Bali,LOC,0.00000000,0.00000000,de,1.90000000,4004327-7,1650534,T,-8.33333000,115.00000000,ASIA,Indonesia,SEA
Hochsommer,Hochsommer,LOC,0.00000000,0.00000000,de,1.90000000,,0,,,,,,
Küstenregionen,Küstenregionen,LOC,0.00000000,0.00000000,de,1.90000000,,0,,,,,,
Pleiße,Pleiße,LOC,-0.36842105,0.00000000,de,1.90000000,4997593-6,2864749,P,50.80188000,12.38416000,EUROPE,Germany,WCE
Lembach,Lembach,LOC,-0.36842105,0.00000000,de,1.90000000,4482424-5,2772680,P,48.49517000,13.89513000,EUROPE,Austria,WCE
Niedrigwasserlage,Niedrigwasserlage,LOC,-0.36842105,0.00000000,de,1.90000000,,0,,,,,,
afrikanischen Land,afrikanischen Land,LOC,0.00000000,0.00000000,de,1.90000000,,0,,,,,,
Dampfbadbesuche,Dampfbadbesuche,LOC,0.00000000,0.00000000,de,1.90000000,,0,,,,,,
Bingen,Bingen,LOC,-0.36842105,0.52631579,de,1.90000000,4006753-1,2948825,P,49.96675000,7.89920000,EUROPE,Germany,WCE
Pegelstand des Rhein,Pegelstand des Rhein,LOC,-0.73684211,0.00000000,de,1.90000000,,0,,,,,,
Bezirk Rohrbach,Bezirk Rohrbach,LOC,-0.18421053,0.17543860,de,1.90000000,,2767290,A,48.55739000,13.96926000,EUROPE,Austria,WCE
Bezirk Melk,Bezirk Melk,LOC,0.00000000,0.00000000,de,1.90000000,4038547-4,2771682,P,48.22737000,15.33186000,EUROPE,Austria,WCE
Grundwasserspiegel,Grundwasserspiegel,LOC,0.00000000,0.00000000,de,1.90000000,,0,,,,,,
Kreis Gotha,Kreis Gotha,LOC,-0.36842105,0.00000000,de,1.90000000,,0,,,,,,
Tambach-Dietharz,Tambach-Dietharz,LOC,-0.36842105,0.00000000,de,1.90000000,1365095754,2824285,P,50.79245000,10.61568000,EUROPE,Germany,WCE
Cottbus,Cottbus,LOC,0.00000000,0.00000000,de,1.90000000,4070126-8,2939811,P,51.75769000,14.32888000,EUROPE,Germany,WCE
den Niederlanden,den Niederlanden,LOC,0.00000000,0.00000000,de,1.90000000,,0,,,,,,
Staat,Staat,LOC,0.00000000,0.00000000,de,1.90000000,,6691831,P,41.90268000,12.45414000,EUROPE-AFRICA,Vatican,MED
Main,Main,LOC,0.00000000,0.00000000,de,1.90000000,4018118-2,2925533,P,50.11552000,8.68417000,EUROPE,Germany,WCE
Hitzewellen,Hitzewellen,LOC,0.00000000,0.00000000,de,1.90000000,,0,,,,,,
Darmstadt,Darmstadt,LOC,0.36842105,0.52631579,de,1.90000000,4011077-1,2938913,P,49.87167000,8.65027000,EUROPE,Germany,WCE
Fahrrinne,Fahrrinne,LOC,0.00000000,0.00000000,de,1.90000000,,0,,,,,,
Lkw-Fahrverbot,Lkw-Fahrverbot,LOC,0.00000000,0.00000000,de,1.90000000,,0,,,,,,
Bergen,Bergen,LOC,-0.52631579,0.52631579,de,1.90000000,1027742-0,3161732,P,60.39299000,5.32415000,EUROPE,Norway,NEU
Atomkraftwerk Paks,Atomkraftwerk Paks,LOC,0.00000000,0.00000000,de,1.90000000,,0,,,,,,
Nordrhein-Westfalen,Nordrhein-Westfalen,LOC,0.36842105,0.00000000,de,1.90000000,4031483-2,2886242,P,50.93333000,6.95000000,EUROPE,Germany,WCE
Schmalwassertalsperre,Schmalwassertalsperre,LOC,0.00000000,0.00000000,de,1.90000000,,0,,,,,,
Hürtgenwald,Hürtgenwald,LOC,0.00000000,0.00000000,de,1.90000000,4026082-3,6553054,A,50.71670000,6.36667000,EUROPE,Germany,WCE
Rechnungshofs,Rechnungshofs,LOC,-0.73684211,0.00000000,de,1.90000000,,0,,,,,,
Niederlanden,Niederlanden,LOC,0.00000000,1.05263158,de,1.90000000,,0,,,,,,
Franken,Franken,LOC,0.00000000,0.00000000,de,1.90000000,4018093-1,2803465,L,50.00000000,9.00000000,EUROPE,Germany,WCE
Bewohner,Bewohner,LOC,-0.52631579,0.00000000,de,1.90000000,,0,,,,,,
Eifel,Eifel,LOC,0.00000000,0.00000000,de,1.90000000,4013749-1,2931919,T,50.25000000,6.66667000,EUROPE,Germany,WCE
Hitzeschutz,Hitzeschutz,LOC,0.00000000,0.00000000,de,1.90000000,,0,,,,,,
Umgang,Umgang,LOC,0.00000000,0.00000000,de,1.90000000,,0,,,,,,
Rechnungshof,Rechnungshof,LOC,0.00000000,0.00000000,de,1.90000000,,12261389,S,48.21243000,16.38765000,EUROPE,Austria,WCE
Sächsischen Landtages,Sächsischen Landtages,LOC,-0.36842105,0.00000000,de,1.90000000,,0,,,,,,
Landtag,Landtag,LOC,0.00000000,0.00000000,de,1.90000000,,7302299,S,48.77856000,9.18340000,EUROPE,Germany,WCE
Schleswig-Holstein,Schleswig-Holstein,LOC,0.00000000,0.00000000,de,1.90000000,4052692-6,2838632,A,54.20000000,9.75000000,EUROPE,Germany,NEU
Kiel,Kiel,LOC,0.00000000,0.00000000,de,1.90000000,4030481-4,2891122,P,54.32133000,10.13489000,EUROPE,Germany,NEU
Taskforce,Taskforce,LOC,0.00000000,0.00000000,de,1.90000000,,0,,,,,,
Urmia-See,Urmia-See,LOC,0.00000000,0.00000000,de,1.90000000,,0,,,,,,
Schweriner See,Schweriner See,LOC,0.00000000,1.05263158,de,1.90000000,4118540-7,2834276,H,53.67852000,11.46830000,EUROPE,Germany,WCE
Bezirk Krems,Bezirk Krems,LOC,0.00000000,0.00000000,de,1.90000000,4546793-6,2773548,A,48.46582000,15.52093000,EUROPE,Austria,WCE
Niederschläge,Niederschläge,LOC,-1.05263158,0.00000000,de,1.90000000,,0,,,,,,
Provinz West-Aserbaidschan,Provinz West-Aserbaidschan,LOC,0.00000000,0.00000000,de,1.90000000,,0,,,,,,
Waschräume,Waschräume,LOC,0.00000000,0.52631579,de,1.90000000,,0,,,,,,
Nazi-Schiffswracks,Nazi-Schiffswracks,LOC,0.73684211,0.00000000,de,1.90000000,,0,,,,,,
nan,nan,LOC,0.00000000,0.52631579,de,1.90000000,,1608452,P,18.78378000,100.77899000,ASIA,Thailand,SEA
Westasiens,Westasiens,LOC,0.00000000,1.05263158,de,1.90000000,,0,,,,,,
Libanon,Libanon,LOC,0.00000000,0.00000000,de,1.90000000,4035567-6,272103,A,33.83333000,35.83333000,EUROPE-AFRICA,Lebanon,MED
Jordanien,Jordanien,LOC,0.00000000,0.00000000,de,1.90000000,4028750-6,248816,A,31.00000000,36.00000000,EUROPE-AFRICA,Jordan,MED
Las Vegas,Las Vegas,LOC,0.00000000,0.00000000,de,1.90000000,4034659-6,5506956,P,36.17497000,-115.13722000,NORTH-AMERICA,United States,WNA
Ettelaat,Ettelaat,LOC,0.00000000,0.00000000,de,1.90000000,,0,,,,,,
Bezirk Hallein,Bezirk Hallein,LOC,0.52631579,0.00000000,de,1.90000000,4023029-6,2776951,P,47.68333000,13.10000000,EUROPE,Austria,WCE
Ländern,Ländern,LOC,0.36842105,0.00000000,de,1.90000000,,10382292,S,47.40914000,9.61366000,EUROPE,Switzerland,WCE
Pegelstände am Rhein,Pegelstände am Rhein,LOC,0.00000000,0.00000000,de,1.90000000,,0,,,,,,
Rhein-Pegeln,Rhein-Pegeln,LOC,0.00000000,0.00000000,de,1.90000000,,0,,,,,,
Vollbrand,Vollbrand,LOC,0.52631579,0.00000000,de,1.90000000,,0,,,,,,
Englischen Garten,Englischen Garten,LOC,0.00000000,1.05263158,de,1.90000000,,6470958,S,48.14130000,11.58750000,EUROPE,Germany,WCE
blaues Meer,blaues Meer,LOC,0.89473684,0.00000000,de,1.90000000,,0,,,,,,
Eisbach,Eisbach,LOC,0.00000000,1.05263158,de,1.90000000,,7873397,A,47.13377000,15.27246000,EUROPE,Austria,WCE
Thailand,Thailand,LOC,0.00000000,0.00000000,de,1.90000000,4078228-1,1605651,A,15.50000000,101.00000000,ASIA,Thailand,SEA
Po,Po,LOC,0.00000000,1.05263158,de,1.90000000,4123956-8,1818673,P,22.45007000,114.16877000,ASIA,Hong Kong,EAS
Wirtschaftsleben,Wirtschaftsleben,LOC,0.73684211,0.00000000,de,1.90000000,,0,,,,,,
Tessin,Tessin,LOC,0.00000000,0.00000000,de,1.90000000,4078208-6,2658370,A,46.28455000,8.79065000,EUROPE,Switzerland,WCE
Colorado River,Colorado River,LOC,0.00000000,1.05263158,de,1.90000000,,4013157,H,31.90000000,-114.95083000,CENTRAL-AMERICA,Mexico,NCA
Pfalz,Pfalz,LOC,-0.52631579,0.00000000,de,1.90000000,4049795-1,2847618,A,49.66667000,7.50000000,EUROPE,Germany,WCE
Si…,Si…,LOC,0.00000000,0.00000000,de,1.90000000,,0,,,,,,
Vereinigten Staaten,Vereinigten Staaten,LOC,0.00000000,0.00000000,de,1.90000000,4078704-7,6252001,A,39.76000000,-98.50000000,NORTH-AMERICA,United States,CNA
Cave Creek,Cave Creek,LOC,0.00000000,0.00000000,de,1.90000000,4309794-7,3580756,T,19.27187000,-81.30991000,CENTRAL-AMERICA,Cayman Islands,CAR
Deutschlands…,Deutschlands…,LOC,0.00000000,0.00000000,de,1.90000000,,0,,,,,,
Amazonas-Regenwald,Amazonas-Regenwald,LOC,-0.12280702,0.35087719,de,1.90000000,,0,,,,,,
UNHCR-Chef,UNHCR-Chef,LOC,0.00000000,0.00000000,de,1.90000000,,0,,,,,,
US-Bundesstaat,US-Bundesstaat,LOC,0.00000000,0.00000000,de,1.90000000,4224069-4,5110302,P,40.65010000,-73.94958000,NORTH-AMERICA,United States,ENA
Rhein-Niedrigwasser,Rhein-Niedrigwasser,LOC,0.00000000,0.00000000,de,1.90000000,,0,,,,,,
Berliner Besselpark,Berliner Besselpark,LOC,-1.11111111,0.00000000,de,1.80000000,,0,,,,,,
Sachsen-Anhalts,Sachsen-Anhalts,LOC,0.38888889,0.00000000,de,1.80000000,,0,,,,,,
Mittelmeerraum,Mittelmeerraum,LOC,0.00000000,0.00000000,de,1.80000000,,0,,,,,,
Salzburg,Salzburg,LOC,0.00000000,1.25000000,de,1.60000000,4076982-3,2766824,P,47.79941000,13.04399000,EUROPE,Austria,WCE
Brüssel,Brüssel,LOC,0.00000000,0.00000000,de,1.60000000,4008460-7,2800866,P,50.85045000,4.34878000,EUROPE,Belgium,WCE
Sahara,Sahara,LOC,-0.43750000,0.62500000,de,1.60000000,4051293-9,2212709,T,26.00000000,13.00000000,AFRICA,Libya,SAH
Pariser,Pariser,LOC,0.00000000,0.00000000,de,1.40000000,,2943127,T,47.40555000,11.28725000,EUROPE,Germany,WCE
Klimaziele,Klimaziele,LOC,0.00000000,0.00000000,de,1.40000000,,0,,,,,,
See,See,LOC,0.53846154,0.00000000,de,1.30000000,1294128485,3082253,H,53.65794000,14.32949000,EUROPE,Poland,WCE
Kenia,Kenia,LOC,0.76923077,0.00000000,de,1.30000000,4030236-2,192950,A,1.00000000,38.00000000,AFRICA,Kenya,SEAF
Baruth,Baruth,LOC,0.53846154,0.00000000,de,1.30000000,,7602464,A,52.05000000,13.50000000,EUROPE,Germany,WCE
Soja,Soja,LOC,1.53846154,0.00000000,de,1.30000000,,1856507,A,36.38333000,139.03333000,ASIA,Japan,EAS
Getränke-Produktion,Getränke-Produktion,LOC,0.00000000,0.00000000,de,1.20000000,,0,,,,,,
Augsburg,Augsburg,LOC,1.16666667,0.00000000,de,1.20000000,4003614-5,2954172,P,48.37154000,10.89851000,EUROPE,Germany,WCE
Berliner Abgeordnetenhaus,Berliner Abgeordnetenhaus,LOC,-0.58333333,0.00000000,de,1.20000000,,0,,,,,,
Karibik,Karibik,LOC,-1.16666667,0.00000000,de,1.20000000,4073241-1,7729891,L,20.38583000,-72.33398000,CENTRAL-AMERICA,,CAR
Nairobi,Nairobi,LOC,0.00000000,0.00000000,de,1.10000000,4041172-2,184745,P,-1.28333000,36.81667000,AFRICA,Kenya,SEAF
Geldhahn,Geldhahn,LOC,0.00000000,0.00000000,de,1.10000000,,0,,,,,,
Malawi,Malawi,LOC,0.00000000,1.81818182,de,1.10000000,4074495-4,927384,A,-13.50000000,34.00000000,AFRICA,Malawi,ESAF
Saarland,Saarland,LOC,0.59848485,1.06060606,de,1.10000000,4076919-7,2842635,A,49.40472000,6.96083000,EUROPE,Germany,WCE
Brasiliens,Brasiliens,LOC,0.00000000,0.00000000,de,1.10000000,,0,,,,,,
Japans,Japans,LOC,0.00000000,0.00000000,de,1.10000000,,0,,,,,,
Nutella,Nutella,LOC,-1.81818182,0.00000000,de,1.10000000,,0,,,,,,
Kent,Kent,LOC,0.00000000,0.00000000,de,1.10000000,4030253-2,5799625,P,47.38093000,-122.23484000,NORTH-AMERICA,United States,WNA
Volksentscheid,Volksentscheid,LOC,-1.27272727,0.00000000,de,1.10000000,,0,,,,,,
Hitze-Perioden,Hitze-Perioden,LOC,0.00000000,0.00000000,de,1.10000000,,0,,,,,,
Mascara,Mascara,LOC,0.90909091,0.00000000,de,1.10000000,,2490098,P,35.39664000,0.14027000,EUROPE-AFRICA,Algeria,MED
Schlosspark Pillnitz,Schlosspark Pillnitz,LOC,-1.27272727,0.00000000,de,1.10000000,,0,,,,,,
Sarajevo,Sarajevo,LOC,0.00000000,0.00000000,de,1.10000000,4077016-3,3191281,P,43.84864000,18.35644000,EUROPE-AFRICA,Bosnia and Herzegovina,MED
Arabische Staaten,Arabische Staaten,LOC,0.00000000,0.90909091,de,1.10000000,,0,,,,,,
Dead Pool,Dead Pool,LOC,0.00000000,1.00000000,de,1.00000000,,2169267,H,-16.56667000,143.60000000,OCEANIA,Australia,NAU
Parks,Parks,LOC,0.70000000,0.00000000,de,1.00000000,,889212,L,-16.51667000,28.98333000,AFRICA,Zimbabwe,ESAF
Dornach,Dornach,LOC,0.00000000,0.00000000,de,1.00000000,4012790-4,2660989,P,47.48038000,7.61644000,EUROPE,Switzerland,WCE
Stromschlag,Stromschlag,LOC,-1.00000000,0.00000000,de,1.00000000,,0,,,,,,
Rathäuser,Rathäuser,LOC,0.00000000,0.00000000,de,1.00000000,,0,,,,,,
Polizeigewahrsam,Polizeigewahrsam,LOC,0.00000000,0.00000000,de,1.00000000,,0,,,,,,
Ministerin,Ministerin,LOC,0.00000000,0.00000000,de,1.00000000,,0,,,,,,
Wasserverbote,Wasserverbote,LOC,0.00000000,0.00000000,de,1.00000000,,0,,,,,,
Brandenburgs Bauernpräsident,Brandenburgs Bauernpräsident,LOC,0.35000000,0.00000000,de,1.00000000,,0,,,,,,
Weinviertel,Weinviertel,LOC,0.00000000,0.00000000,de,1.00000000,4066889-7,2760887,P,48.38333000,16.51667000,EUROPE,Austria,WCE
Dürre-Schock am Rhein,Dürre-Schock am Rhein,LOC,0.00000000,0.00000000,de,1.00000000,,0,,,,,,
Getreide,Getreide,LOC,0.70000000,0.00000000,de,1.00000000,,0,,,,,,
KI-Revolution,KI-Revolution,LOC,0.00000000,0.00000000,de,1.00000000,,0,,,,,,
Nordfrankreich,Nordfrankreich,LOC,0.00000000,0.00000000,de,1.00000000,4110086-4,12909095,L,49.22083000,1.59281000,EUROPE,France,WCE
Klimaveränderungen,Klimaveränderungen,LOC,0.00000000,1.00000000,de,1.00000000,,0,,,,,,
Bauernhof im Tennengau,Bauernhof im Tennengau,LOC,0.00000000,0.00000000,de,1.00000000,,0,,,,,,
Brandursache,Brandursache,LOC,-1.00000000,0.00000000,de,1.00000000,,0,,,,,,
Lage,Lage,LOC,0.00000000,0.00000000,de,1.00000000,4098927-6,2881956,P,51.99223000,8.79301000,EUROPE,Germany,WCE
Spreewald,Spreewald,LOC,0.00000000,0.00000000,de,1.00000000,4129505-5,2875623,P,51.86217000,13.95168000,EUROPE,Germany,WCE
Limburg,Limburg,LOC,0.00000000,0.00000000,de,1.00000000,4036784-8,2751283,P,50.84833000,5.68889000,EUROPE,The Netherlands,WCE
Altenpflege,Altenpflege,LOC,0.00000000,1.00000000,de,1.00000000,,0,,,,,,
Plöger,Plöger,LOC,0.70000000,0.00000000,de,1.00000000,,0,,,,,,
Bonner Oper,Bonner Oper,LOC,0.00000000,0.00000000,de,1.00000000,,0,,,,,,
Pegelstand im Rhein,Pegelstand im Rhein,LOC,0.00000000,0.00000000,de,1.00000000,,0,,,,,,
Mün…,Mün…,LOC,0.00000000,0.00000000,de,1.00000000,,0,,,,,,
Kanälen,Kanälen,LOC,0.00000000,0.00000000,de,1.00000000,,0,,,,,,
Predigerordens,Predigerordens,LOC,0.00000000,0.00000000,de,1.00000000,,0,,,,,,
Weinbergen,Weinbergen,LOC,0.00000000,0.00000000,de,1.00000000,4646336-7,6549947,A,51.19170000,10.52500000,EUROPE,Germany,WCE
Regenschauer,Regenschauer,LOC,-0.35000000,0.50000000,de,1.00000000,,0,,,,,,
lan…,lan…,LOC,0.00000000,0.00000000,de,1.00000000,,0,,,,,,
Pegel Strombrücke,Pegel Strombrücke,LOC,0.00000000,0.00000000,de,1.00000000,,0,,,,,,
Schifffahrtsbranche,Schifffahrtsbranche,LOC,0.00000000,0.00000000,de,1.00000000,,0,,,,,,
Hoover-Staudamm,Hoover-Staudamm,LOC,0.00000000,0.00000000,de,1.00000000,,0,,,,,,
Wasserschloss trocknet,Wasserschloss trocknet,LOC,0.70000000,0.00000000,de,1.00000000,,0,,,,,,
Gurpreet Singh,Gurpreet Singh,LOC,0.00000000,0.00000000,de,1.00000000,,0,,,,,,
Indiens,Indiens,LOC,0.00000000,0.00000000,de,1.00000000,,6012211,H,48.85944000,-74.48361000,NORTH-AMERICA,Canada,ENA
Punjab,Punjab,LOC,0.00000000,0.00000000,de,1.00000000,4047850-6,1167710,A,30.85000000,72.31667000,ASIA,Pakistan,WCA
Elbe-Pegel Magdeburg-Strombrücke,Elbe-Pegel Magdeburg-Strombrücke,LOC,0.00000000,0.00000000,de,1.00000000,,0,,,,,,
Lebensader,Lebensader,LOC,0.00000000,1.00000000,de,1.00000000,,0,,,,,,
Larvenstadien,Larvenstadien,LOC,-1.00000000,0.00000000,de,1.00000000,,0,,,,,,
Agrarbereich,Agrarbereich,LOC,0.00000000,0.00000000,de,1.00000000,,0,,,,,,
Weltwetterorganisation WMO,Weltwetterorganisation WMO,LOC,0.00000000,0.00000000,de,1.00000000,,0,,,,,,
Straße,Straße,LOC,0.00000000,1.00000000,de,1.00000000,4057131-2,2828871,P,50.31401000,9.46335000,EUROPE,Germany,WCE
Rathaus,Rathaus,LOC,0.00000000,0.00000000,de,1.00000000,,6324756,S,48.21071000,16.35760000,EUROPE,Austria,WCE
rekordhoher,rekordhoher,LOC,0.00000000,0.00000000,de,1.00000000,,0,,,,,,
Bäume,Bäume,LOC,0.00000000,0.00000000,de,1.00000000,,0,,,,,,
Washington,Washington,LOC,-1.00000000,0.00000000,de,1.00000000,4064682-8,4140963,P,38.89511000,-77.03637000,NORTH-AMERICA,United States,ENA
Bierbranche leiden,Bierbranche leiden,LOC,-1.00000000,0.00000000,de,1.00000000,,0,,,,,,
Schlüsselpositionen,Schlüsselpositionen,LOC,0.00000000,1.00000000,de,1.00000000,,0,,,,,,
National Mall,National Mall,LOC,-1.00000000,0.00000000,de,1.00000000,,9675441,L,38.88987000,-77.02278000,NORTH-AMERICA,United States,ENA
Appelle,Appelle,LOC,0.35000000,0.50000000,de,1.00000000,,12822992,A,50.76472000,-103.79178000,NORTH-AMERICA,Canada,NEN
Rot,Rot,LOC,0.00000000,0.00000000,de,1.00000000,,2681427,P,61.25000000,14.03333000,EUROPE,Sweden,NEU
Weilrod,Weilrod,LOC,0.00000000,0.00000000,de,1.00000000,4065103-4,3208136,A,50.32801000,8.39542000,EUROPE,Germany,WCE
US-Präsidenten,US-Präsidenten,LOC,0.00000000,0.00000000,de,1.00000000,,0,,,,,,
Donnerstagmorgen,Donnerstagmorgen,LOC,0.00000000,0.00000000,de,1.00000000,,0,,,,,,
Trump,Trump,LOC,0.00000000,0.00000000,de,1.00000000,,6627046,T,-66.03882000,-65.96845000,POLAR,Antarctica,WAN
Hey München,Hey München,LOC,0.00000000,0.00000000,de,1.00000000,,0,,,,,,
Walmart,Walmart,LOC,0.00000000,0.00000000,de,1.00000000,,11836159,S,53.26862000,-113.56975000,NORTH-AMERICA,Canada,NWN
Gemeinsame Krisenvorsorge,Gemeinsame Krisenvorsorge,LOC,0.00000000,0.00000000,de,1.00000000,,0,,,,,,
Renaturierung,Renaturierung,LOC,0.00000000,0.00000000,de,1.00000000,,0,,,,,,
Mineralwasser,Mineralwasser,LOC,0.70000000,0.00000000,de,1.00000000,,0,,,,,,
Spaziergänger,Spaziergänger,LOC,0.00000000,0.00000000,de,1.00000000,,0,,,,,,
Dürre am Rhein,Dürre am Rhein,LOC,-0.70000000,0.00000000,de,1.00000000,,0,,,,,,
Burg Pfalzgrafenstein,Burg Pfalzgrafenstein,LOC,0.00000000,0.00000000,de,1.00000000,,0,,,,,,
Heinz-Dieter Kimpel,Heinz-Dieter Kimpel,LOC,0.00000000,1.00000000,de,1.00000000,,0,,,,,,
Helmholtz-Zentrums ,Helmholtz-Zentrums ,LOC,0.00000000,1.00000000,de,1.00000000,,0,,,,,,
Land…,Land…,LOC,0.00000000,0.00000000,de,1.00000000,,0,,,,,,
Süddeutschland,Süddeutschland,LOC,0.00000000,0.00000000,de,1.00000000,4078022-3,12909096,L,48.58781000,10.71652000,EUROPE,Germany,WCE
Düsseldorf,Düsseldorf,LOC,0.00000000,0.00000000,de,1.00000000,4013255-9,2934246,P,51.22319000,6.77927000,EUROPE,Germany,WCE
Weilrod im Taunus,Weilrod im Taunus,LOC,0.35000000,0.50000000,de,1.00000000,,0,,,,,,
Ernteausfälle,Ernteausfälle,LOC,0.00000000,0.00000000,de,1.00000000,,0,,,,,,
Feldern Streifen,Feldern Streifen,LOC,0.00000000,0.00000000,de,1.00000000,,0,,,,,,
Kasse ge…,Kasse ge…,LOC,-0.33333333,0.00000000,de,1.00000000,,0,,,,,,
Gemeinden,Gemeinden,LOC,0.00000000,0.00000000,de,1.00000000,,0,,,,,,
Völker,Völker,LOC,0.00000000,0.00000000,de,1.00000000,,2816681,S,52.48333000,6.88333000,EUROPE,Germany,WCE
Pöggstall,Pöggstall,LOC,0.70000000,0.00000000,de,1.00000000,4513929-5,7871824,A,48.31599000,15.18362000,EUROPE,Austria,WCE
Main-Kinzig-Kreis,Main-Kinzig-Kreis,LOC,0.00000000,1.00000000,de,1.00000000,4023201-3,2911007,P,50.13423000,8.91418000,EUROPE,Germany,WCE
Beregnen,Beregnen,LOC,-1.00000000,0.00000000,de,1.00000000,,0,,,,,,
nan Trockenheit,nan Trockenheit,LOC,0.00000000,0.00000000,de,1.00000000,,0,,,,,,
Hartkäses,Hartkäses,LOC,0.00000000,0.00000000,de,1.00000000,,0,,,,,,
Lösungsansätze,Lösungsansätze,LOC,0.00000000,0.00000000,de,1.00000000,,0,,,,,,
Kärnten,Kärnten,LOC,0.70000000,0.00000000,de,1.00000000,4029175-3,2774686,A,46.75000000,13.83333000,EUROPE,Austria,WCE
Bezirk Gri…,Bezirk Gri…,LOC,0.00000000,0.00000000,de,1.00000000,,0,,,,,,
Naarn,Naarn,LOC,0.00000000,0.00000000,de,1.00000000,4428057-9,2770967,P,48.22553000,14.60838000,EUROPE,Austria,WCE
Sommerabenden,Sommerabenden,LOC,0.00000000,1.00000000,de,1.00000000,,0,,,,,,
Tr…,Tr…,LOC,-0.70000000,0.00000000,de,1.00000000,,0,,,,,,
Donnerstag,Donnerstag,LOC,0.00000000,0.00000000,de,1.00000000,,0,,,,,,
Bezirk Eferding,Bezirk Eferding,LOC,0.00000000,0.00000000,de,1.00000000,4092326-5,2780394,P,48.30866000,14.02233000,EUROPE,Austria,WCE
Meldepegeln,Meldepegeln,LOC,0.00000000,0.00000000,de,1.00000000,,0,,,,,,
Hartkirchen,Hartkirchen,LOC,0.00000000,0.00000000,de,1.00000000,4520026-9,2776787,P,48.36349000,14.00422000,EUROPE,Austria,WCE
Baum-Streifen,Baum-Streifen,LOC,0.70000000,0.00000000,de,1.00000000,,0,,,,,,
Loiretal,Loiretal,LOC,0.00000000,0.00000000,de,1.00000000,4099775-3,2997862,T,47.21540000,0.06170000,EUROPE,France,WCE
Sandbank,Sandbank,LOC,0.00000000,0.00000000,de,1.00000000,,2110058,T,-0.68333000,174.35000000,PACIFIC,Kiribati,EPO
Bordelais,Bordelais,LOC,0.00000000,0.00000000,de,1.00000000,4080469-0,4020101,H,-9.87376000,-139.06468000,PACIFIC,French Polynesia,EPO
Benzin,Benzin,LOC,0.00000000,0.00000000,de,1.00000000,,7552698,S,54.83188000,56.08967000,EUROPE,Russia,EEU
Niedri…,Niedri…,LOC,0.00000000,0.00000000,de,1.00000000,,0,,,,,,
Risiko,Risiko,LOC,0.85000000,0.00000000,de,1.00000000,,0,,,,,,
Jahr,Jahr,LOC,0.00000000,0.00000000,de,1.00000000,,405790,P,30.44944000,56.89861000,ASIA,Iran,WCA
Bächen,Bächen,LOC,-0.70000000,0.00000000,de,1.00000000,7761177-9,11584770,P,47.15998000,8.80579000,EUROPE,Switzerland,WCE
Wiesen,Wiesen,LOC,0.00000000,0.00000000,de,1.00000000,4252519-6,3337271,L,47.89194000,16.86972000,EUROPE,Austria,WCE
Trocke…,Trocke…,LOC,1.00000000,0.00000000,de,1.00000000,,0,,,,,,
Regenmangel,Regenmangel,LOC,1.00000000,0.00000000,de,1.00000000,,0,,,,,,
Händlerkreisen,Händlerkreisen,LOC,-1.00000000,0.00000000,de,1.00000000,,0,,,,,,
Hitzesommer,Hitzesommer,LOC,0.00000000,0.00000000,de,1.00000000,,0,,,,,,
Ausmaße,Ausmaße,LOC,0.00000000,0.00000000,de,1.00000000,,0,,,,,,
England,England,LOC,0.00000000,0.00000000,de,1.00000000,4014770-8,11919979,L,44.00000000,-71.00000000,NORTH-AMERICA,United States,ENA
Großen,Großen,LOC,1.00000000,0.00000000,de,1.00000000,,2916607,H,53.68333000,12.53333000,EUROPE,Germany,WCE
VKU-Angaben,VKU-Angaben,LOC,0.00000000,0.00000000,de,1.00000000,,0,,,,,,
Ö1-Morgenjournal,Ö1-Morgenjournal,LOC,1.00000000,0.00000000,de,1.00000000,,0,,,,,,
Feuers,Feuers,LOC,0.00000000,0.00000000,de,1.00000000,,0,,,,,,
Land der Grachten,Land der Grachten,LOC,0.00000000,0.00000000,de,1.00000000,,0,,,,,,
Den Niederlanden,Den Niederlanden,LOC,0.00000000,0.00000000,de,1.00000000,,0,,,,,,
Kalifornien,Kalifornien,LOC,0.00000000,0.00000000,de,1.00000000,4029307-5,11071615,L,34.68743000,-116.78467000,NORTH-AMERICA,United States,WNA
Bezirk Lilienfeld,Bezirk Lilienfeld,LOC,0.00000000,1.00000000,de,1.00000000,4035732-6,2772469,A,47.91667000,15.60000000,EUROPE,Austria,WCE
Ostafrika,Ostafrika,LOC,-1.00000000,0.00000000,de,1.00000000,4075722-5,7729889,L,-0.52734000,36.51855000,AFRICA,Kenya,SEAF
UN-Angaben,UN-Angaben,LOC,0.00000000,0.00000000,de,1.00000000,,0,,,,,,
Wassernotlagen,Wassernotlagen,LOC,0.00000000,0.00000000,de,1.00000000,,0,,,,,,
Wasserentnahme,Wasserentnahme,LOC,-0.85000000,0.00000000,de,1.00000000,,0,,,,,,
Welternährungsprogramm,Welternährungsprogramm,LOC,0.70000000,0.00000000,de,1.00000000,,0,,,,,,
Flusshafens Prahovo a…,Flusshafens Prahovo a…,LOC,0.00000000,0.00000000,de,1.00000000,,0,,,,,,
Wintern,Wintern,LOC,0.00000000,1.00000000,de,1.00000000,,0,,,,,,
Edersee-Tourismus,Edersee-Tourismus,LOC,-0.70000000,0.00000000,de,1.00000000,,0,,,,,,
ARTE-Doku,ARTE-Doku,LOC,0.17500000,0.00000000,de,1.00000000,,0,,,,,,
Große Sorge,Große Sorge,LOC,0.70000000,0.00000000,de,1.00000000,,0,,,,,,
Getreideanbau heuer,Getreideanbau heuer,LOC,-0.50000000,0.50000000,de,1.00000000,,0,,,,,,
Spielregeln,Spielregeln,LOC,0.00000000,0.00000000,de,1.00000000,,0,,,,,,
Mittelrhein,Mittelrhein,LOC,0.00000000,1.00000000,de,1.00000000,4039705-1,12076805,L,50.37449000,7.56047000,EUROPE,Germany,WCE
Ostdeutschland,Ostdeutschland,LOC,-1.00000000,0.00000000,de,1.00000000,,0,,,,,,
Deutschlands Kernindustrien,Deutschlands Kernindustrien,LOC,0.00000000,0.00000000,de,1.00000000,,0,,,,,,
Dürreproblem,Dürreproblem,LOC,-1.00000000,0.00000000,de,1.00000000,,0,,,,,,
Verkehrsministerium,Verkehrsministerium,LOC,-0.70000000,0.00000000,de,1.00000000,,0,,,,,,
Traisen,Traisen,LOC,0.00000000,1.00000000,de,1.00000000,4060596-6,2770396,P,48.35294000,15.69620000,EUROPE,Austria,WCE
Milchbauern,Milchbauern,LOC,0.00000000,0.00000000,de,1.00000000,,0,,,,,,
Löschwasser,Löschwasser,LOC,0.00000000,0.00000000,de,1.00000000,,0,,,,,,
Oestrich,Oestrich,LOC,0.00000000,0.00000000,de,1.00000000,,3207534,L,49.99987000,8.00604000,EUROPE,Germany,WCE
Lago di Varese,Lago di Varese,LOC,0.00000000,1.00000000,de,1.00000000,4489393-0,3164698,H,45.81667000,8.75000000,EUROPE,Italy,WCE
Schifffahrt-Unternehmen,Schifffahrt-Unternehmen,LOC,-1.00000000,0.00000000,de,1.00000000,,0,,,,,,
Kärntner Seen,Kärntner Seen,LOC,0.00000000,0.00000000,de,1.00000000,,0,,,,,,
Atomkraftwerk Cernavoda,Atomkraftwerk Cernavoda,LOC,0.00000000,0.00000000,de,1.00000000,,0,,,,,,
Cernavoda,Cernavoda,LOC,0.00000000,0.00000000,de,1.00000000,7608497-8,682321,P,44.33957000,28.03273000,EUROPE-AFRICA,Romania,MED
Cernavod,Cernavod,LOC,0.70000000,0.00000000,de,1.00000000,,0,,,,,,
Mainz,Mainz,LOC,0.00000000,0.00000000,de,1.00000000,4037124-4,2874225,P,49.98185000,8.28008000,EUROPE,Germany,WCE
Atomkraftwerks Cernavodă,Atomkraftwerks Cernavodă,LOC,0.00000000,0.00000000,de,1.00000000,,0,,,,,,
F.A.Z.-Podcast Rhein-Main,F.A.Z.-Podcast Rhein-Main,LOC,0.70000000,0.00000000,de,1.00000000,,0,,,,,,
Urlaubsinsel,Urlaubsinsel,LOC,0.00000000,0.00000000,de,1.00000000,,0,,,,,,
Koh Samui,Koh Samui,LOC,0.00000000,0.00000000,de,1.00000000,4231936-5,1606595,T,9.50376000,99.99357000,ASIA,Thailand,SEA
Wasser-Notstand,Wasser-Notstand,LOC,0.00000000,0.00000000,de,1.00000000,,0,,,,,,
Wasserstand im Rhein,Wasserstand im Rhein,LOC,0.00000000,0.00000000,de,1.00000000,,0,,,,,,
Dürre an der Donau,Dürre an der Donau,LOC,0.70000000,0.00000000,de,1.00000000,,0,,,,,,
Pegel Kienstock,Pegel Kienstock,LOC,0.00000000,0.00000000,de,1.00000000,,0,,,,,,
ugandische Regierung,ugandische Regierung,LOC,0.00000000,0.00000000,de,1.00000000,,0,,,,,,
L…,L…,LOC,0.00000000,0.00000000,de,1.00000000,,0,,,,,,
Wirtschaftskiller,Wirtschaftskiller,LOC,0.00000000,0.00000000,de,1.00000000,,0,,,,,,
Emmerich,Emmerich,LOC,0.00000000,0.00000000,de,1.00000000,,7284836,P,47.44417000,19.17595000,EUROPE,Hungary,WCE
Rhein-Lahn-Kreis,Rhein-Lahn-Kreis,LOC,0.00000000,0.00000000,de,1.00000000,,3247462,A,50.26889000,7.86583000,EUROPE,Germany,WCE
Samstagmorgen,Samstagmorgen,LOC,0.00000000,0.00000000,de,1.00000000,,0,,,,,,
Duisburg …,Duisburg …,LOC,0.00000000,0.00000000,de,1.00000000,,0,,,,,,
Deutschlands Klima-Zukunft,Deutschlands Klima-Zukunft,LOC,-1.00000000,0.00000000,de,1.00000000,,0,,,,,,
Lan…,Lan…,LOC,0.00000000,0.00000000,de,1.00000000,,0,,,,,,
Söder,Söder,LOC,0.00000000,0.00000000,de,1.00000000,7536603-4,2676209,P,59.31278000,18.07577000,EUROPE,Sweden,NEU
Starnberger See,Starnberger See,LOC,0.00000000,0.00000000,de,1.00000000,4056971-8,2829454,H,47.90348000,11.31187000,EUROPE,Germany,WCE
Krisen-Arbeitsgruppe,Krisen-Arbeitsgruppe,LOC,0.00000000,0.00000000,de,1.00000000,,0,,,,,,
Arbeitsgruppe,Arbeitsgruppe,LOC,0.00000000,0.00000000,de,1.00000000,,0,,,,,,
Wiesbaden,Wiesbaden,LOC,0.70000000,0.00000000,de,1.00000000,4066043-6,2809346,P,50.08601000,8.24435000,EUROPE,Germany,WCE
Hanau,Hanau,LOC,0.70000000,0.00000000,de,1.00000000,4023201-3,2911007,P,50.13423000,8.91418000,EUROPE,Germany,WCE
Rekordhitze,Rekordhitze,LOC,0.00000000,0.00000000,de,1.00000000,,0,,,,,,
Europa w…,Europa w…,LOC,0.00000000,0.00000000,de,1.00000000,,0,,,,,,
Ernteeinbußen,Ernteeinbußen,LOC,-0.70000000,0.00000000,de,1.00000000,,0,,,,,,
Varese,Varese,LOC,0.00000000,0.00000000,de,1.00000000,4119370-2,3164699,P,45.82058000,8.82511000,EUROPE,Italy,WCE
Koks,Koks,LOC,-0.70000000,0.00000000,de,1.00000000,,1336134,P,21.43973000,92.00955000,ASIA,Bangladesh,SAS
Starkäste,Starkäste,LOC,0.85000000,0.00000000,de,1.00000000,,0,,,,,,
Äste,Äste,LOC,0.85000000,0.00000000,de,1.00000000,,0,,,,,,
Land Brandenburg,Land Brandenburg,LOC,0.00000000,0.00000000,de,1.00000000,4007955-7,2945356,A,52.45905000,13.01582000,EUROPE,Germany,WCE
Schlossparks,Schlossparks,LOC,0.00000000,0.00000000,de,1.00000000,,0,,,,,,
Eukalyptuswälder,Eukalyptuswälder,LOC,0.00000000,0.00000000,de,1.00000000,,0,,,,,,
Haus bei Alferce,Haus bei Alferce,LOC,0.00000000,0.00000000,de,1.00000000,,0,,,,,,
Wasserstand,Wasserstand,LOC,0.00000000,0.00000000,de,1.00000000,,0,,,,,,
MDK,MDK,LOC,0.00000000,0.00000000,de,1.00000000,,1263231,A,17.75000000,78.25000000,ASIA,India,SAS
Serra de Monchique,Serra de Monchique,LOC,0.00000000,0.00000000,de,1.00000000,4284736-9,2266265,T,37.31113000,-8.59482000,EUROPE-AFRICA,Portugal,MED
Main-Donau-Kanal,Main-Donau-Kanal,LOC,0.00000000,0.00000000,de,1.00000000,4037112-8,2847617,H,48.91040000,11.90613000,EUROPE,Germany,WCE
Schienenwegen,Schienenwegen,LOC,0.00000000,1.00000000,de,1.00000000,,0,,,,,,
Karstgebieten,Karstgebieten,LOC,0.00000000,0.00000000,de,1.00000000,,0,,,,,,
Hagelkörnern,Hagelkörnern,LOC,0.00000000,0.00000000,de,1.00000000,,0,,,,,,
Laterns,Laterns,LOC,0.00000000,0.00000000,de,1.00000000,4527871-4,2772874,A,47.26617000,9.70279000,EUROPE,Austria,WCE
Parlamentsgebäude,Parlamentsgebäude,LOC,0.00000000,0.00000000,de,1.00000000,,0,,,,,,
Freschenhauses,Freschenhauses,LOC,0.00000000,0.00000000,de,1.00000000,,0,,,,,,
Ballu,Ballu,LOC,0.00000000,0.00000000,de,1.00000000,,729178,P,42.31667000,26.31667000,EUROPE-AFRICA,Bulgaria,MED
Hohen Freschen,Hohen Freschen,LOC,0.00000000,0.00000000,de,1.00000000,,0,,,,,,
Ballungsräumen,Ballungsräumen,LOC,0.00000000,0.00000000,de,1.00000000,,0,,,,,,
Hitzeperioden,Hitzeperioden,LOC,0.85000000,0.00000000,de,1.00000000,,0,,,,,,
Niedrigwasser von,Niedrigwasser von,LOC,0.00000000,0.00000000,de,1.00000000,,0,,,,,,
Mäuseturminsel,Mäuseturminsel,LOC,-0.70000000,0.00000000,de,1.00000000,,0,,,,,,
Spaziergängen,Spaziergängen,LOC,-0.70000000,0.00000000,de,1.00000000,,0,,,,,,
Loire,Loire,LOC,0.00000000,0.00000000,de,1.00000000,4002024-1,3037656,P,47.47156000,-0.55202000,EUROPE,France,WCE
Ungarn…,Ungarn…,LOC,0.00000000,0.00000000,de,1.00000000,,0,,,,,,
Mäuseturm,Mäuseturm,LOC,0.00000000,0.00000000,de,1.00000000,,11886814,S,49.97200000,7.88008000,EUROPE,Germany,WCE
Gaishorn,Gaishorn,LOC,0.00000000,0.00000000,de,1.00000000,4527260-8,2782237,P,47.48951000,14.52737000,EUROPE,Austria,WCE
Dauerstress,Dauerstress,LOC,0.00000000,0.00000000,de,1.00000000,,0,,,,,,
Neues Rekord-Tief,Neues Rekord-Tief,LOC,0.00000000,0.00000000,de,1.00000000,,0,,,,,,
Budaer Burg,Budaer Burg,LOC,0.00000000,0.00000000,de,1.00000000,,0,,,,,,
Dunkeln,Dunkeln,LOC,0.00000000,0.00000000,de,1.00000000,,0,,,,,,
Burgenland,Burgenland,LOC,0.00000000,0.00000000,de,1.00000000,4009114-4,2781194,A,47.50000000,16.41667000,EUROPE,Austria,WCE
Energiewende,Energiewende,LOC,0.00000000,0.00000000,de,1.00000000,,0,,,,,,
Mecklenburg-Vorpommern,Mecklenburg-Vorpommern,LOC,0.00000000,0.33333333,de,1.00000000,4242861-0,2872567,A,53.83333000,12.50000000,EUROPE,Germany,WCE
Berchtesgaden,Berchtesgaden,LOC,0.00000000,0.00000000,de,1.00000000,4005574-7,2950881,P,47.63236000,13.00187000,EUROPE,Germany,WCE
Watzmannhaus,Watzmannhaus,LOC,0.00000000,1.00000000,de,1.00000000,,0,,,,,,
Wettermodelle,Wettermodelle,LOC,0.00000000,0.00000000,de,1.00000000,,0,,,,,,
Rekordtief bei,Rekordtief bei,LOC,0.00000000,0.00000000,de,1.00000000,,0,,,,,,
Ulrichsberg,Ulrichsberg,LOC,-0.35000000,0.33333333,de,1.00000000,4124344-4,2820233,T,50.74437000,8.78024000,EUROPE,Germany,WCE
Bonn Wirtschaftsverbände,Bonn Wirtschaftsverbände,LOC,0.00000000,1.00000000,de,1.00000000,,0,,,,,,
Balkon,Balkon,LOC,-0.70000000,0.00000000,de,1.00000000,,579412,T,68.10194000,37.20917000,EUROPE,Russia,NEU
Engpässen,Engpässen,LOC,-0.85000000,0.00000000,de,1.00000000,,0,,,,,,
Landwirtschaftskammer NÖ,Landwirtschaftskammer NÖ,LOC,0.00000000,0.00000000,de,1.00000000,,0,,,,,,
Botanik-Kolumne,Botanik-Kolumne,LOC,0.00000000,0.00000000,de,1.00000000,,0,,,,,,
Großkadolz,Großkadolz,LOC,0.00000000,0.00000000,de,1.00000000,4799740-0,2777664,P,48.71250000,16.18611000,EUROPE,Austria,WCE
Dauereinsatz,Dauereinsatz,LOC,0.00000000,0.00000000,de,1.00000000,,0,,,,,,
Südwesteuropa,Südwesteuropa,LOC,0.00000000,0.00000000,de,1.00000000,,0,,,,,,
Bezirk Hollabrunn,Bezirk Hollabrunn,LOC,0.00000000,0.00000000,de,1.00000000,4374598-2,2775635,A,48.65286000,15.99701000,EUROPE,Austria,WCE
Wasserstandes,Wasserstandes,LOC,0.00000000,0.00000000,de,1.00000000,,0,,,,,,
Wasserstraßen,Wasserstraßen,LOC,0.00000000,0.00000000,de,1.00000000,,2939386,H,52.44666000,13.57261000,EUROPE,Germany,WCE
Südbrandenburg,Südbrandenburg,LOC,0.70000000,0.00000000,de,1.00000000,,0,,,,,,
Pegel Magdeburg-Strombrücke,Pegel Magdeburg-Strombrücke,LOC,0.00000000,0.00000000,de,1.00000000,,0,,,,,,
Rampe,Rampe,LOC,0.70000000,0.00000000,de,1.00000000,5178515-8,794528,P,57.86972000,26.21111000,EUROPE,Estonia,NEU
Wassernotstandskomitees,Wassernotstandskomitees,LOC,0.00000000,0.00000000,de,1.00000000,,0,,,,,,
Niedrigwasserkrise,Niedrigwasserkrise,LOC,0.00000000,0.00000000,de,1.00000000,,0,,,,,,
Grünflächen,Grünflächen,LOC,0.00000000,0.00000000,de,1.00000000,,0,,,,,,
Wasserableitungen,Wasserableitungen,LOC,0.00000000,0.00000000,de,1.00000000,,0,,,,,,
Rhein-Pegelstand,Rhein-Pegelstand,LOC,-0.70000000,0.00000000,de,1.00000000,,0,,,,,,
Mega-Dürre,Mega-Dürre,LOC,0.00000000,0.00000000,de,1.00000000,,0,,,,,,
Katzhof,Katzhof,LOC,0.70000000,0.00000000,de,1.00000000,,0,,,,,,
Obe…,Obe…,LOC,0.00000000,0.00000000,de,1.00000000,,0,,,,,,
Tschechien,Tschechien,LOC,0.00000000,0.00000000,de,1.00000000,4303381-7,3077311,A,49.75000000,15.00000000,EUROPE,Czechia,WCE
st…,st…,LOC,0.00000000,0.00000000,de,1.00000000,,0,,,,,,
weiterlesenDie,weiterlesenDie,LOC,0.00000000,0.00000000,de,1.00000000,,0,,,,,,
Tirols,Tirols,LOC,0.23333333,0.00000000,de,1.00000000,,0,,,,,,
Badischen Staatstheater,Badischen Staatstheater,LOC,0.70000000,0.00000000,de,1.00000000,,0,,,,,,
Rheingauer,Rheingauer,LOC,0.00000000,0.00000000,de,1.00000000,,0,,,,,,
Urmiasees,Urmiasees,LOC,0.00000000,0.00000000,de,1.00000000,,0,,,,,,
Amazonas-Urwald,Amazonas-Urwald,LOC,0.00000000,0.00000000,de,1.00000000,,0,,,,,,
Amazonas-Institut für Mensch und Umwelt Imazon,Amazonas-Institut für Mensch und Umwelt Imazon,LOC,0.00000000,0.00000000,de,1.00000000,,0,,,,,,
Weltklimagipfels,Weltklimagipfels,LOC,0.00000000,0.00000000,de,1.00000000,,0,,,,,,
Amazonasgebiet,Amazonasgebiet,LOC,0.00000000,0.00000000,de,1.00000000,,0,,,,,,
Perspektivisch,Perspektivisch,LOC,0.00000000,0.00000000,de,1.00000000,,0,,,,,,
Nachgefragt-Podcast,Nachgefragt-Podcast,LOC,0.00000000,0.00000000,de,1.00000000,,0,,,,,,
Weinbau im Rheingau,Weinbau im Rheingau,LOC,0.70000000,0.00000000,de,1.00000000,,0,,,,,,
Rüdesheimer Berg,Rüdesheimer Berg,LOC,0.00000000,0.00000000,de,1.00000000,,0,,,,,,
Öst…,Öst…,LOC,0.00000000,0.00000000,de,1.00000000,,0,,,,,,
Klimawandels,Klimawandels,LOC,0.00000000,0.00000000,de,1.00000000,,0,,,,,,
Achtzigerjahre,Achtzigerjahre,LOC,-0.15000000,0.00000000,de,1.00000000,,0,,,,,,
Werkstattbrand,Werkstattbrand,LOC,0.00000000,0.00000000,de,1.00000000,,0,,,,,,
Drachenwand,Drachenwand,LOC,0.00000000,0.00000000,de,1.00000000,,2780725,T,47.81667000,13.33333000,EUROPE,Austria,WCE
Sankt Lorenz,Sankt Lorenz,LOC,0.00000000,0.00000000,de,1.00000000,,12059765,A,47.43333000,19.17595000,EUROPE,Hungary,WCE
Mondsee,Mondsee,LOC,0.00000000,0.00000000,de,1.00000000,4333077-0,2771278,H,47.81667000,13.38333000,EUROPE,Austria,WCE
Nachbarhaus,Nachbarhaus,LOC,-1.00000000,0.00000000,de,1.00000000,,0,,,,,,
Landesteilen,Landesteilen,LOC,0.00000000,0.00000000,de,1.00000000,,0,,,,,,
Irna,Irna,LOC,0.00000000,0.00000000,de,1.00000000,4051362-2,3168673,P,40.67545000,14.79328000,EUROPE-AFRICA,Italy,MED
Bezirk Gänserndorf,Bezirk Gänserndorf,LOC,0.70000000,0.00000000,de,1.00000000,4408747-0,2778876,A,48.39340000,16.73892000,EUROPE,Austria,WCE
Zistersdorf,Zistersdorf,LOC,0.70000000,0.00000000,de,1.00000000,4109039-1,2760510,P,48.54252000,16.76136000,EUROPE,Austria,WCE
Provinzen,Provinzen,LOC,0.00000000,0.00000000,de,1.00000000,,0,,,,,,
Bundesministerium,Bundesministerium,LOC,0.00000000,0.00000000,de,1.00000000,,8604996,S,50.70545000,7.13926000,EUROPE,Germany,WCE
Eferdinger Becken,Eferdinger Becken,LOC,0.00000000,0.00000000,de,1.00000000,,0,,,,,,
Nevada,Nevada,LOC,0.35000000,0.50000000,de,1.00000000,4041996-4,5509151,A,39.25021000,-116.75119000,NORTH-AMERICA,United States,WNA
Westens,Westens,LOC,0.00000000,0.00000000,de,1.00000000,,6944077,S,52.50170000,13.34110000,EUROPE,Germany,WCE
Emamsadeh Saleh Moschee,Emamsadeh Saleh Moschee,LOC,-0.35000000,0.50000000,de,1.00000000,,0,,,,,,
Nordwes…,Nordwes…,LOC,0.00000000,0.00000000,de,1.00000000,,0,,,,,,
Islamischen Republik Iran,Islamischen Republik Iran,LOC,0.00000000,0.00000000,de,1.00000000,,0,,,,,,
Teherans,Teherans,LOC,0.00000000,0.00000000,de,1.00000000,,0,,,,,,
Traisental,Traisental,LOC,0.00000000,0.00000000,de,1.00000000,,0,,,,,,
Rastenfeld,Rastenfeld,LOC,0.00000000,0.00000000,de,1.00000000,4116911-6,7872922,A,48.56511000,15.36394000,EUROPE,Austria,WCE
Bedrängnis,Bedrängnis,LOC,-1.00000000,0.00000000,de,1.00000000,,0,,,,,,
Andengletscher,Andengletscher,LOC,0.00000000,0.00000000,de,1.00000000,,0,,,,,,
Klosterneuburg,Klosterneuburg,LOC,0.35000000,0.50000000,de,1.00000000,4031235-5,2773913,P,48.30521000,16.32522000,EUROPE,Austria,WCE
NÖ,NÖ,LOC,0.35000000,0.50000000,de,1.00000000,,624883,H,52.36671000,25.62630000,EUROPE,Belarus,WCE
der Schweiz,der Schweiz,LOC,0.35000000,0.50000000,de,1.00000000,,2661324,P,47.14035000,7.37175000,EUROPE,Switzerland,WCE
Rhein-Main-Ebene,Rhein-Main-Ebene,LOC,0.00000000,0.00000000,de,1.00000000,,0,,,,,,
Wassers,Wassers,LOC,-1.00000000,0.00000000,de,1.00000000,7837775-4,2813717,P,47.81667000,9.78333000,EUROPE,Germany,WCE
RH,RH,LOC,0.00000000,0.00000000,de,1.00000000,,7701507,A,25.88997000,91.82707000,ASIA,India,SAS
Kraft,Kraft,LOC,0.00000000,0.00000000,de,1.00000000,,5278552,P,45.44636000,-89.74930000,NORTH-AMERICA,United States,ENA
Pools,Pools,LOC,0.00000000,0.00000000,de,1.00000000,,887477,L,-15.83333000,29.38333000,AFRICA,Zimbabwe,ESAF
Wasserkrise,Wasserkrise,LOC,0.00000000,0.00000000,de,1.00000000,,0,,,,,,
Indore •,Indore •,LOC,0.00000000,1.00000000,de,1.00000000,,0,,,,,,
Einschränkungen,Einschränkungen,LOC,0.00000000,0.00000000,de,1.00000000,,0,,,,,,
Hektar Land,Hektar Land,LOC,0.00000000,0.00000000,de,1.00000000,,0,,,,,,
Epuyén,Epuyén,LOC,0.00000000,0.00000000,de,1.00000000,,3856140,P,-42.22863000,-71.36263000,SOUTH-AMERICA,Argentina,SWS
Anden,Anden,LOC,0.00000000,0.00000000,de,1.00000000,4079770-3,2803204,P,50.48941000,5.09513000,EUROPE,Belgium,WCE
österreichische Staat,österreichische Staat,LOC,-0.50000000,0.50000000,de,1.00000000,,0,,,,,,
IFZ Graz,IFZ Graz,LOC,0.15000000,0.00000000,de,1.00000000,,0,,,,,,
Nabu,Nabu,LOC,-1.00000000,0.00000000,de,1.00000000,,1874064,P,38.11944000,126.85083000,ASIA,North Korea,EAS
Schulen,Schulen,LOC,0.00000000,0.00000000,de,1.00000000,,2786913,P,50.95972000,5.19010000,EUROPE,Belgium,WCE
Informationssicherheitsmanagements,Informationssicherheitsmanagements,LOC,0.00000000,0.00000000,de,1.00000000,,0,,,,,,
Olympia-Bewerbungen,Olympia-Bewerbungen,LOC,0.00000000,0.00000000,de,1.00000000,,0,,,,,,
Römer,Römer,LOC,0.00000000,0.00000000,de,1.00000000,,3198863,H,44.91062000,19.75835000,EUROPE-AFRICA,Serbia,MED
Santa Eulària,Santa Eulària,LOC,0.00000000,0.00000000,de,1.00000000,,2511162,P,38.98457000,1.53409000,EUROPE-AFRICA,Spain,MED
Balearen,Balearen,LOC,0.00000000,0.00000000,de,1.00000000,4115833-7,2512989,P,39.56939000,2.65024000,EUROPE-AFRICA,Spain,MED
nordfriesischen Inseln,nordfriesischen Inseln,LOC,0.70000000,0.00000000,de,1.00000000,,0,,,,,,
Fährpläne,Fährpläne,LOC,-0.70000000,0.00000000,de,1.00000000,,0,,,,,,
Prüfstand,Prüfstand,LOC,0.00000000,0.00000000,de,1.00000000,,7283819,S,54.16801000,13.79953000,EUROPE,Germany,WCE
Notfallpläne,Notfallpläne,LOC,-0.70000000,0.00000000,de,1.00000000,,0,,,,,,
Wasserhahn,Wasserhahn,LOC,0.00000000,0.00000000,de,1.00000000,,0,,,,,,
Indore,Indore,LOC,0.00000000,0.00000000,de,1.00000000,4368406-3,1269743,P,22.71792000,75.83330000,ASIA,India,SAS
Dürrephasen,Dürrephasen,LOC,0.00000000,0.00000000,de,1.00000000,,0,,,,,,
Kassel/Frankfurt/Darmstadt,Kassel/Frankfurt/Darmstadt,LOC,-0.85000000,0.00000000,de,1.00000000,,0,,,,,,
Bundesverwaltungverkündet,Bundesverwaltungverkündet,LOC,0.00000000,0.00000000,de,1.00000000,,0,,,,,,
Drohneneinsätze,Drohneneinsätze,LOC,-0.70000000,0.00000000,de,1.00000000,,0,,,,,,
Pa…,Pa…,LOC,0.00000000,0.00000000,de,1.00000000,,0,,,,,,
Royal Flush,Royal Flush,LOC,0.00000000,0.00000000,de,1.00000000,,5581568,S,40.84358000,-106.94061000,NORTH-AMERICA,United States,WNA
Rio Grande,Rio Grande,LOC,0.00000000,0.00000000,de,1.00000000,4076741-3,3451190,P,-22.90642000,-43.18223000,SOUTH-AMERICA,Brazil,SES
Big Bend National Park,Big Bend National Park,LOC,0.00000000,0.00000000,de,1.00000000,4139954-7,5516970,L,29.29778000,-103.22985000,CENTRAL-AMERICA,United States,NCA
Texas,Texas,LOC,0.00000000,0.00000000,de,1.00000000,4059594-8,12217092,L,28.92040000,-98.57720000,CENTRAL-AMERICA,United States,NCA
Vorwarnstufe hera…,Vorwarnstufe hera…,LOC,0.00000000,0.00000000,de,1.00000000,,0,,,,,,
Willis,Willis,LOC,0.85000000,0.00000000,de,1.00000000,7838483-7,2143549,T,-16.30000000,150.00000000,OCEANIA,,NAU
Radeland-Siedlung,Radeland-Siedlung,LOC,-0.50000000,0.15000000,de,1.00000000,,0,,,,,,
Jena,Jena,LOC,1.00000000,0.00000000,de,1.00000000,4028557-1,2895044,P,50.92878000,11.58990000,EUROPE,Germany,WCE
Remedur,Remedur,LOC,-0.70000000,0.00000000,de,1.00000000,,0,,,,,,
Irland,Irland,LOC,0.00000000,0.00000000,de,1.00000000,4027667-3,2963597,A,53.00000000,-8.00000000,EUROPE,Ireland,NEU
Totholz,Totholz,LOC,1.00000000,0.00000000,de,1.00000000,,0,,,,,,
Oberösterreichs,Oberösterreichs,LOC,0.00000000,0.00000000,de,1.00000000,,0,,,,,,
Regenfälle,Regenfälle,LOC,0.00000000,1.00000000,de,1.00000000,,0,,,,,,
Grundwasser-Reserven,Grundwasser-Reserven,LOC,0.00000000,1.00000000,de,1.00000000,,0,,,,,,
Eferding,Eferding,LOC,0.00000000,0.00000000,de,1.00000000,4092326-5,2780394,P,48.30866000,14.02233000,EUROPE,Austria,WCE
Fleischkonsum,Fleischkonsum,LOC,0.00000000,0.00000000,de,1.00000000,,0,,,,,,
Nordschwaben,Nordschwaben,LOC,0.00000000,0.00000000,de,1.00000000,1295012987,2861874,P,47.61871000,7.81713000,EUROPE,Germany,WCE
Lobzang D…,Lobzang D…,LOC,0.00000000,0.00000000,de,1.00000000,,0,,,,,,
Klima-Schocks,Klima-Schocks,LOC,0.00000000,0.00000000,de,1.00000000,,0,,,,,,
Klimawa…,Klimawa…,LOC,-0.23333333,0.00000000,de,1.00000000,,0,,,,,,
Tiefstwerte,Tiefstwerte,LOC,0.00000000,0.00000000,de,1.00000000,,0,,,,,,
Bad Eisenkappel,Bad Eisenkappel,LOC,0.00000000,0.00000000,de,1.00000000,4355632-2,2780196,P,46.48841000,14.59139000,EUROPE,Austria,WCE
Schädlingen,Schädlingen,LOC,0.00000000,0.00000000,de,1.00000000,,0,,,,,,
Sauerkirschen,Sauerkirschen,LOC,0.00000000,0.00000000,de,1.00000000,,0,,,,,,
Himalaya,Himalaya,LOC,0.00000000,0.00000000,de,1.00000000,4024923-2,1252558,T,28.00000000,84.00000000,ASIA,Nepal,TIB
Schmelzwasser,Schmelzwasser,LOC,0.00000000,0.00000000,de,1.00000000,,0,,,,,,
Corona-Pandemie,Corona-Pandemie,LOC,0.00000000,0.00000000,de,1.00000000,,0,,,,,,
Nordbayern,Nordbayern,LOC,-0.70000000,0.00000000,de,1.00000000,,0,,,,,,
Bremen,Bremen,LOC,0.00000000,0.00000000,de,1.00000000,4090044-7,2944388,P,53.07582000,8.80717000,EUROPE,Germany,NEU
Umständen,Umständen,LOC,0.00000000,0.00000000,de,1.00000000,,0,,,,,,
Kaffee-Preisschock,Kaffee-Preisschock,LOC,0.50000000,0.50000000,de,1.00000000,,0,,,,,,
Börsenspekulationen,Börsenspekulationen,LOC,0.00000000,0.00000000,de,1.00000000,,0,,,,,,
EU-Vorgaben,EU-Vorgaben,LOC,0.00000000,0.00000000,de,1.00000000,,0,,,,,,
Würde,Würde,LOC,0.00000000,0.00000000,de,1.00000000,,0,,,,,,
Frauenkleidern am Geschütz,Frauenkleidern am Geschütz,LOC,0.00000000,0.00000000,de,1.00000000,,0,,,,,,
Dreimaster,Dreimaster,LOC,-0.70000000,0.00000000,de,1.00000000,,3357896,T,-27.56890000,15.46096000,AFRICA,Namibia,WSAF
Kuchenbaum,Kuchenbaum,LOC,0.70000000,0.00000000,de,1.00000000,,0,,,,,,
Trompetenbaum,Trompetenbaum,LOC,0.70000000,0.00000000,de,1.00000000,,0,,,,,,
Tulpenbaum,Tulpenbaum,LOC,0.70000000,0.00000000,de,1.00000000,,0,,,,,,
Griechenland-Fans,Griechenland-Fans,LOC,0.00000000,0.00000000,de,1.00000000,,0,,,,,,
MV,MV,LOC,0.00000000,0.00000000,de,1.00000000,4003217-6,6255147,L,29.84064000,89.29688000,ASIA,China,TIB
Österreichs Staatsfläche,Österreichs Staatsfläche,LOC,0.00000000,0.00000000,de,1.00000000,,0,,,,,,
Gletscher-Sterben,Gletscher-Sterben,LOC,-0.23333333,0.00000000,de,1.00000000,,0,,,,,,
Senklöcher,Senklöcher,LOC,-1.00000000,0.00000000,de,1.00000000,,0,,,,,,
Älpler,Älpler,LOC,0.00000000,0.00000000,de,1.00000000,,0,,,,,,
Gaza-Stadt,Gaza-Stadt,LOC,-0.15000000,0.00000000,de,1.00000000,,0,,,,,,
Abu Dhabi veröff…,Abu Dhabi veröff…,LOC,0.00000000,0.00000000,de,1.00000000,,0,,,,,,
Essen,Essen,LOC,0.00000000,1.00000000,de,1.00000000,4015557-2,2928810,P,51.45657000,7.01228000,EUROPE,Germany,WCE
Jahrtausenden,Jahrtausenden,LOC,1.00000000,0.00000000,de,1.00000000,,0,,,,,,
Herbsternte,Herbsternte,LOC,0.00000000,0.00000000,de,1.00000000,,0,,,,,,
Linz,Linz,LOC,0.70000000,0.00000000,de,1.00000000,4074255-6,2772400,P,48.30639000,14.28611000,EUROPE,Austria,WCE
Landwirtschaftskammer Oberösterreich,Landwirtschaftskammer Oberösterreich,LOC,0.50000000,0.50000000,de,1.00000000,,0,,,,,,
Trockenen,Trockenen,LOC,-1.00000000,0.00000000,de,1.00000000,,0,,,,,,
Miyun,Miyun,LOC,0.00000000,0.00000000,de,1.00000000,,2035740,A,40.53013000,116.98730000,ASIA,China,EAS
Händewaschen,Händewaschen,LOC,0.00000000,0.00000000,de,1.00000000,,0,,,,,,
Top-Urlaubsziele,Top-Urlaubsziele,LOC,0.00000000,0.00000000,de,1.00000000,,0,,,,,,
Touris,Touris,LOC,0.00000000,0.00000000,de,1.00000000,,2262549,P,38.90726000,-7.53425000,EUROPE-AFRICA,Portugal,MED
Nuss-Nougat-Aufstrichs,Nuss-Nougat-Aufstrichs,LOC,-0.50000000,0.50000000,de,1.00000000,,0,,,,,,
Piemont,Piemont,LOC,0.00000000,0.00000000,de,1.00000000,4046039-3,3170831,A,45.00000000,8.00000000,EUROPE,Italy,WCE
Maria Saal,Maria Saal,LOC,0.00000000,0.00000000,de,1.00000000,4037518-3,2771910,P,46.68083000,14.34861000,EUROPE,Austria,WCE
Marktplatzes,Marktplatzes,LOC,0.70000000,0.00000000,de,1.00000000,,12196059,S,50.24243000,11.32602000,EUROPE,Germany,WCE
Trockenperiode …,Trockenperiode …,LOC,0.00000000,0.00000000,de,1.00000000,,0,,,,,,
Abendstunden,Abendstunden,LOC,-1.00000000,0.00000000,de,1.00000000,,0,,,,,,
Anselm-Kiefer-Bild,Anselm-Kiefer-Bild,LOC,0.00000000,0.00000000,de,1.00000000,,0,,,,,,
Kanzler-Büro,Kanzler-Büro,LOC,0.00000000,0.00000000,de,1.00000000,,0,,,,,,
New Yorker,New Yorker,LOC,0.00000000,0.00000000,de,1.00000000,,5225847,T,41.52566000,-71.53784000,NORTH-AMERICA,United States,ENA
Oval Office…,Oval Office…,LOC,0.00000000,0.00000000,de,1.00000000,,0,,,,,,
Maschhad,Maschhad,LOC,0.00000000,0.00000000,de,1.00000000,4115118-5,124665,P,36.29807000,59.60567000,ASIA,Iran,WCA
Südamerika,Südamerika,LOC,0.00000000,0.00000000,de,1.00000000,4078014-4,6255150,L,-14.60485000,-57.65625000,SOUTH-AMERICA,Brazil,SAM
Stauseen,Stauseen,LOC,-0.92500000,0.00000000,de,1.00000000,,0,,,,,,
Verbre…,Verbre…,LOC,0.00000000,0.00000000,de,1.00000000,,0,,,,,,
New Mexico,New Mexico,LOC,0.00000000,0.00000000,de,1.00000000,4217452-1,5454711,P,35.08449000,-106.65114000,NORTH-AMERICA,United States,WNA
Konfliktregionen,Konfliktregionen,LOC,0.00000000,0.00000000,de,1.00000000,,0,,,,,,
Anatolien,Anatolien,LOC,0.00000000,0.00000000,de,1.00000000,4085685-9,323835,L,39.00000000,35.00000000,EUROPE-AFRICA,Turkey,MED
Amazonas,Amazonas,LOC,-1.00000000,0.00000000,de,1.00000000,4001626-2,3689982,A,-1.16667000,-71.50000000,SOUTH-AMERICA,Colombia,NSA
Pillnitz,Pillnitz,LOC,0.00000000,0.00000000,de,1.00000000,4091232-2,2853707,P,51.00730000,13.87565000,EUROPE,Germany,WCE
Peine,Peine,LOC,-1.00000000,0.00000000,de,1.00000000,4045022-3,6623044,T,-63.40943000,-54.71877000,SOUTHERN,Antarctica,SOO
Terroranschlägen,Terroranschlägen,LOC,0.00000000,0.00000000,de,1.00000000,,0,,,,,,
Japan,Japan,LOC,0.00000000,0.00000000,de,1.00000000,4028495-5,1861060,A,35.68536000,139.75309000,ASIA,Japan,EAS
Lichtenrader Reviers,Lichtenrader Reviers,LOC,0.70000000,0.00000000,de,1.00000000,,0,,,,,,
Bezirk Klagenfurt-…,Bezirk Klagenfurt-…,LOC,0.00000000,0.00000000,de,1.00000000,,0,,,,,,
Berlins,Berlins,LOC,0.70000000,0.00000000,de,1.00000000,,2193381,T,-41.90000000,171.83333000,OCEANIA,New Zealand,NZ
Heizkurve,Heizkurve,LOC,0.56666667,0.33333333,de,1.00000000,,0,,,,,,
t3n.de,t3n.de,LOC,1.00000000,0.00000000,de,1.00000000,,0,,,,,,
Heizwärme,Heizwärme,LOC,1.00000000,0.00000000,de,1.00000000,,0,,,,,,
Grund,Grund,LOC,0.00000000,0.00000000,de,1.00000000,,3247407,U,54.66667000,7.55000000,EUROPE,,NEU
Notlagen,Notlagen,LOC,0.85000000,0.00000000,de,1.00000000,,0,,,,,,
Produktionsbetriebe,Produktionsbetriebe,LOC,-1.00000000,0.00000000,de,1.00000000,,0,,,,,,
Nestlé-Pflanzenlabor,Nestlé-Pflanzenlabor,LOC,1.00000000,0.00000000,de,1.00000000,,0,,,,,,
Tours,Tours,LOC,1.00000000,0.00000000,de,1.00000000,4060530-9,2972191,P,47.39484000,0.70398000,EUROPE,France,WCE
Hauptstadt,Hauptstadt,LOC,1.00000000,0.00000000,de,1.00000000,4076310-9,3067696,P,50.08804000,14.42076000,EUROPE,Czechia,WCE
Kallio,Kallio,LOC,0.00000000,0.00000000,de,1.00000000,,654706,P,60.18427000,24.95034000,EUROPE,Finland,NEU
Mornos-Stausee,Mornos-Stausee,LOC,0.00000000,0.00000000,de,1.00000000,,0,,,,,,
Sambias,Sambias,LOC,0.00000000,0.00000000,de,1.00000000,,0,,,,,,
Ostens,Ostens,LOC,1.00000000,0.00000000,de,1.00000000,,3013134,P,44.49273000,-0.63963000,EUROPE-AFRICA,France,MED
Urmiasee,Urmiasee,LOC,1.00000000,0.00000000,de,1.00000000,,0,,,,,,
Umweltminister,Umweltminister,LOC,0.00000000,0.00000000,de,1.00000000,,0,,,,,,
Schwimmbad,Schwimmbad,LOC,0.00000000,0.00000000,de,1.00000000,,6269516,L,50.54825000,7.21980000,EUROPE,Germany,WCE
Kiez,Kiez,LOC,0.00000000,0.00000000,de,1.00000000,,2890938,P,53.38162000,11.57937000,EUROPE,Germany,WCE
Äthiopien,Äthiopien,LOC,0.00000000,0.00000000,de,1.00000000,4000639-6,337996,A,9.00000000,39.50000000,AFRICA,Ethiopia,NEAF
Semera Temperaturen,Semera Temperaturen,LOC,0.00000000,0.00000000,de,1.00000000,,0,,,,,,
Server-Applikationen,Server-Applikationen,LOC,0.70000000,0.00000000,de,1.00000000,,0,,,,,,
Fachschulen Hatzendorf,Fachschulen Hatzendorf,LOC,0.00000000,0.00000000,de,1.00000000,,0,,,,,,
Wiesn,Wiesn,LOC,0.00000000,0.00000000,de,1.00000000,,6954059,S,48.13030000,11.55160000,EUROPE,Germany,WCE
Monterrey,Monterrey,LOC,0.70000000,0.00000000,de,1.00000000,4115212-8,3995465,P,25.68435000,-100.31721000,CENTRAL-AMERICA,Mexico,NCA
WM-Spielstätte,WM-Spielstätte,LOC,0.70000000,0.00000000,de,1.00000000,,0,,,,,,
La Ola,La Ola,LOC,0.70000000,0.00000000,de,1.00000000,,3504558,T,19.00000000,-71.00000000,CENTRAL-AMERICA,Dominican Republic,CAR
Handhelds,Handhelds,LOC,0.00000000,0.00000000,de,1.00000000,,0,,,,,,
Nvidia-CPU,Nvidia-CPU,LOC,0.00000000,0.00000000,de,1.00000000,,0,,,,,,
Hardware-D&uuml;rre,Hardware-D&uuml;rre,LOC,0.00000000,0.00000000,de,1.00000000,,0,,,,,,
Alm,Alm,LOC,0.00000000,0.00000000,de,1.00000000,,1732903,P,3.08507000,101.53281000,ASIA,Malaysia,SEA
Zukunftswaldes,Zukunftswaldes,LOC,0.00000000,0.00000000,de,1.00000000,,0,,,,,,
Pünktchen,Pünktchen,LOC,0.00000000,0.00000000,de,1.00000000,,0,,,,,,
Sahelzone,Sahelzone,LOC,0.00000000,1.00000000,de,1.00000000,4076953-7,2425938,L,17.30869000,2.46094000,AFRICA,Mali,SAH
Fulani-Hirten,Fulani-Hirten,LOC,0.00000000,1.00000000,de,1.00000000,,0,,,,,,
Kamp,Kamp,LOC,0.00000000,0.00000000,de,1.00000000,4029436-5,3116246,P,41.08675000,0.95925000,EUROPE-AFRICA,Spain,MED
Universität Graz,Universität Graz,LOC,0.00000000,0.00000000,de,1.00000000,,6697819,S,47.06865000,15.45006000,EUROPE,Austria,WCE
unterdurchsch…,unterdurchsch…,LOC,0.70000000,0.00000000,de,1.00000000,,0,,,,,,
Nachschlag,Nachschlag,LOC,-0.70000000,0.00000000,de,1.00000000,,0,,,,,,
Nation building,Nation building,LOC,-0.70000000,0.00000000,de,1.00000000,,7304709,S,35.68000000,-109.05083000,NORTH-AMERICA,United States,WNA
Dürregebiete,Dürregebiete,LOC,0.00000000,0.00000000,de,1.00000000,,0,,,,,,
Gemüseanbauer Regen,Gemüseanbauer Regen,LOC,-0.70000000,0.00000000,de,1.00000000,,0,,,,,,
Temperaturrekord,Temperaturrekord,LOC,0.00000000,0.00000000,de,1.00000000,,0,,,,,,
weiterlesenBiberach,weiterlesenBiberach,LOC,0.00000000,0.00000000,de,1.00000000,,0,,,,,,
TTS-Player,TTS-Player,LOC,0.00000000,0.00000000,de,1.00000000,,0,,,,,,
Deutscher Wald,Deutscher Wald,LOC,0.00000000,0.00000000,de,1.00000000,,2608254,V,46.86667000,16.00000000,EUROPE,Austria,WCE
Dürre-Schäden,Dürre-Schäden,LOC,0.00000000,0.00000000,de,1.00000000,,0,,,,,,
Schlaglöcher,Schlaglöcher,LOC,0.00000000,0.00000000,de,1.00000000,,0,,,,,,
Amerikas,Amerikas,LOC,0.00000000,0.00000000,de,1.00000000,4078704-7,6252001,A,39.76000000,-98.50000000,NORTH-AMERICA,United States,CNA
Dürre-Sommer,Dürre-Sommer,LOC,0.70000000,0.00000000,de,1.00000000,,0,,,,,,
Brutplatz,Brutplatz,LOC,0.00000000,0.00000000,de,1.00000000,,0,,,,,,
Wasserverbrauch,Wasserverbrauch,LOC,0.00000000,0.00000000,de,1.00000000,,0,,,,,,
weiterlesenJülich/Hille-Südhemmern,weiterlesenJülich/Hille-Südhemmern,LOC,0.00000000,1.00000000,de,1.00000000,,0,,,,,,
Regelungen,Regelungen,LOC,0.00000000,0.00000000,de,1.00000000,,0,,,,,,
Handlungsbedarf,Handlungsbedarf,LOC,0.00000000,0.00000000,de,1.00000000,,0,,,,,,
Krankenhäusern,Krankenhäusern,LOC,0.00000000,0.00000000,de,1.00000000,,0,,,,,,
Windel-Granulat,Windel-Granulat,LOC,0.85000000,0.00000000,de,1.00000000,,0,,,,,,
Blumentopf,Blumentopf,LOC,0.00000000,0.00000000,de,1.00000000,,0,,,,,,
Hobbygärtner,Hobbygärtner,LOC,0.00000000,1.00000000,de,1.00000000,,0,,,,,,
Konstanz …,Konstanz …,LOC,0.00000000,0.00000000,de,1.00000000,,0,,,,,,
weiterlesenKonstanz/Lindau,weiterlesenKonstanz/Lindau,LOC,0.00000000,1.00000000,de,1.00000000,,0,,,,,,
Biberach,Biberach,LOC,0.00000000,0.00000000,de,1.00000000,4006424-4,2949423,P,48.09345000,9.79053000,EUROPE,Germany,WCE
Chatbots,Chatbots,LOC,-1.00000000,0.00000000,de,1.00000000,,0,,,,,,
Rechenzentren,Rechenzentren,LOC,-1.00000000,0.00000000,de,1.00000000,,0,,,,,,
Rekordausmaße,Rekordausmaße,LOC,0.00000000,0.00000000,de,1.00000000,,0,,,,,,
Athener,Athener,LOC,0.00000000,0.00000000,de,1.00000000,,0,,,,,,
Anpass…,Anpass…,LOC,0.00000000,0.00000000,de,1.00000000,,0,,,,,,
Innsbrucker,Innsbrucker,LOC,0.00000000,1.00000000,de,1.00000000,,6949525,S,47.26920000,11.39330000,EUROPE,Austria,WCE
Grundwasserkörper,Grundwasserkörper,LOC,0.00000000,1.00000000,de,1.00000000,,0,,,,,,
Nitrat-Konzentration,Nitrat-Konzentration,LOC,0.00000000,1.00000000,de,1.00000000,,0,,,,,,
Aufwand un…,Aufwand un…,LOC,0.00000000,0.00000000,de,1.00000000,,0,,,,,,
Urlaubsinseln,Urlaubsinseln,LOC,0.00000000,0.00000000,de,1.00000000,,0,,,,,,
Balance,Balance,LOC,0.00000000,0.00000000,de,1.00000000,,792982,P,42.41222000,21.36528000,EUROPE-AFRICA,Kosovo,MED
Haldenwang,Haldenwang,LOC,0.00000000,0.00000000,de,1.00000000,4239468-5,2911580,P,47.80000000,10.35000000,EUROPE,Germany,WCE
Na…,Na…,LOC,0.00000000,0.00000000,de,1.00000000,,0,,,,,,
Swimming-Pools,Swimming-Pools,LOC,0.00000000,0.00000000,de,1.00000000,,7869848,H,13.27154000,144.74779000,PACIFIC,Guam,NPO
Echtzeit-Wassermanagement,Echtzeit-Wassermanagement,LOC,0.00000000,0.00000000,de,1.00000000,,0,,,,,,
Charlottenburg-Wilmersdorf,Charlottenburg-Wilmersdorf,LOC,0.70000000,0.00000000,de,1.00000000,,2808473,P,52.48333000,13.31667000,EUROPE,Germany,WCE
Trockenstress,Trockenstress,LOC,0.00000000,0.00000000,de,1.00000000,,0,,,,,,
Bezirk,Bezirk,LOC,0.00000000,0.00000000,de,1.00000000,5173948-3,598098,P,55.70680000,21.13912000,EUROPE,Lithuania,WCE
Wintergerste,Wintergerste,LOC,0.00000000,0.00000000,de,1.00000000,,0,,,,,,
Som…,Som…,LOC,0.00000000,0.00000000,de,1.00000000,,0,,,,,,
Schlossbach,Schlossbach,LOC,0.00000000,0.00000000,de,1.00000000,,6624855,T,-75.15000000,-62.90000000,POLAR,Antarctica,WAN
Mittelmeer,Mittelmeer,LOC,0.00000000,0.00000000,de,1.00000000,4074895-9,363196,H,35.00000000,20.00000000,EUROPE-AFRICA,,MED
Würzburg,Würzburg,LOC,0.00000000,0.00000000,de,1.00000000,4067037-5,2805615,P,49.79391000,9.95121000,EUROPE,Germany,WCE
KI-Branche,KI-Branche,LOC,0.00000000,0.00000000,de,1.00000000,,0,,,,,,
mainaufwärts,mainaufwärts,LOC,0.00000000,0.00000000,de,1.00000000,,0,,,,,,
Liter Regen,Liter Regen,LOC,0.00000000,0.00000000,de,1.00000000,,0,,,,,,
Tröpolach,Tröpolach,LOC,0.00000000,0.00000000,de,1.00000000,7521637-1,2763318,P,46.61278000,13.27556000,EUROPE,Austria,WCE
Weißensee,Weißensee,LOC,0.00000000,0.00000000,de,1.00000000,4293948-3,2811861,H,52.55432000,13.46342000,EUROPE,Germany,WCE
Rosi,Rosi,LOC,0.00000000,0.00000000,de,1.00000000,,3343041,L,42.38472000,19.42000000,EUROPE-AFRICA,Montenegro,MED
ZDF-Doku,ZDF-Doku,LOC,0.00000000,0.00000000,de,1.00000000,,0,,,,,,
Brot,Brot,LOC,0.00000000,0.00000000,de,1.00000000,,8548964,T,41.89531000,21.47968000,EUROPE-AFRICA,North Macedonia,MED
Batterien,Batterien,LOC,0.00000000,0.00000000,de,1.00000000,,0,,,,,,
Puerto Ricos,Puerto Ricos,LOC,0.00000000,0.00000000,de,1.00000000,,3991367,P,20.85613000,-100.52675000,CENTRAL-AMERICA,Mexico,NCA
San Juan,San Juan,LOC,0.00000000,0.00000000,de,1.00000000,4105287-0,4568127,P,18.46633000,-66.10572000,CENTRAL-AMERICA,Puerto Rico,CAR
Sahel,Sahel,LOC,-1.00000000,0.00000000,de,1.00000000,4076953-7,2425938,L,17.30869000,2.46094000,AFRICA,Mali,SAH
Horn von Afrika,Horn von Afrika,LOC,-1.00000000,0.00000000,de,1.00000000,,0,,,,,,
Rissen,Rissen,LOC,0.00000000,0.00000000,de,1.00000000,4642596-2,2846455,P,53.58453000,9.76594000,EUROPE,Germany,NEU
Kakuma,Kakuma,LOC,0.00000000,0.00000000,de,1.00000000,,195197,P,3.71363000,34.85720000,AFRICA,Kenya,NEAF
Turkana,Turkana,LOC,0.00000000,0.00000000,de,1.00000000,,178914,A,3.20000000,35.46667000,AFRICA,Kenya,NEAF
Amics de la Terra Eivissa,Amics de la Terra Eivissa,LOC,0.00000000,1.00000000,de,1.00000000,,0,,,,,,
Unterfranken,Unterfranken,LOC,0.00000000,0.00000000,de,1.00000000,4061905-9,2822571,P,50.20097000,10.31906000,EUROPE,Germany,WCE
Kitzingen,Kitzingen,LOC,0.00000000,0.00000000,de,1.00000000,4030899-6,6296850,S,49.74306000,10.20056000,EUROPE,Germany,WCE
Amazone,Amazone,LOC,0.00000000,0.00000000,de,1.00000000,4231796-4,3663517,P,-3.10194000,-60.02500000,SOUTH-AMERICA,Brazil,NSA
Uni Potsdam,Uni Potsdam,LOC,0.00000000,0.00000000,de,1.00000000,,0,,,,,,
Wissenschaftlern,Wissenschaftlern,LOC,0.00000000,0.00000000,de,1.00000000,,0,,,,,,
Troja,Troja,LOC,0.00000000,0.00000000,de,1.00000000,4060974-1,9113243,L,42.12452000,22.19731000,EUROPE-AFRICA,North Macedonia,MED
Sonnenzyklen,Sonnenzyklen,LOC,-1.00000000,0.00000000,de,1.00000000,,0,,,,,,
Stockholm,Stockholm,LOC,0.00000000,0.00000000,de,1.00000000,4425212-2,2673730,P,59.32938000,18.06871000,EUROPE,Sweden,NEU
Grazer,Grazer,LOC,0.00000000,0.00000000,de,1.00000000,,5965728,H,50.19222000,-118.89250000,NORTH-AMERICA,Canada,NWN
Shaanika,Shaanika,LOC,0.00000000,0.00000000,de,1.00000000,,0,,,,,,
Flachgaues,Flachgaues,LOC,-1.00000000,0.00000000,de,1.00000000,,0,,,,,,
Henndorf,Henndorf,LOC,0.00000000,0.00000000,de,1.00000000,4024386-2,2776513,P,47.90000000,13.18333000,EUROPE,Austria,WCE
Wallersee,Wallersee,LOC,0.00000000,0.00000000,de,1.00000000,4024386-2,2776513,P,47.90000000,13.18333000,EUROPE,Austria,WCE
Gemeinde Henndorf,Gemeinde Henndorf,LOC,0.00000000,0.00000000,de,1.00000000,,0,,,,,,
Ugarit,Ugarit,LOC,0.00000000,0.00000000,de,1.00000000,4078500-2,165369,S,35.60195000,35.78541000,EUROPE-AFRICA,Syria,MED
Grundwasserreserven,Grundwasserreserven,LOC,-0.35000000,0.50000000,de,1.00000000,,0,,,,,,
Meer,Meer,LOC,1.00000000,0.00000000,de,1.00000000,,1627362,H,-3.33333000,133.80000000,ASIA,Indonesia,SEA
Staatswald,Staatswald,LOC,0.00000000,1.00000000,de,1.00000000,,7287208,A,46.91749000,7.17854000,EUROPE,Switzerland,WCE
Dresden/Chemnitz,Dresden/Chemnitz,LOC,0.00000000,0.00000000,de,1.00000000,,0,,,,,,
Grundschulen,Grundschulen,LOC,0.15000000,0.00000000,de,1.00000000,,0,,,,,,
Freizeitparks,Freizeitparks,LOC,0.00000000,0.00000000,de,1.00000000,,0,,,,,,
Wasser-Achterbahn,Wasser-Achterbahn,LOC,1.00000000,0.00000000,de,1.00000000,,0,,,,,,
Streptomyces,Streptomyces,LOC,0.00000000,0.00000000,de,1.00000000,,0,,,,,,
Schimmelpilze,Schimmelpilze,LOC,0.00000000,0.00000000,de,1.00000000,,0,,,,,,
Meeres,Meeres,LOC,0.00000000,0.00000000,de,1.00000000,,343386,P,13.00917000,42.73944000,AFRICA,Eritrea,NEAF
Santiago …,Santiago …,LOC,0.00000000,0.00000000,de,1.00000000,,0,,,,,,
Google,Google,LOC,0.00000000,0.00000000,de,1.00000000,4411436-9,4280539,P,39.04833000,-95.67804000,NORTH-AMERICA,United States,CNA
Schaprode,Schaprode,LOC,-1.00000000,0.00000000,de,1.00000000,4597191-2,2840403,P,54.51408000,13.16655000,EUROPE,Germany,NEU
Gefrorene Böden,Gefrorene Böden,LOC,0.00000000,0.00000000,de,1.00000000,,0,,,,,,
Argentinien,Argentinien,LOC,0.00000000,0.00000000,de,1.00000000,4002890-2,3865483,A,-34.00000000,-64.00000000,SOUTH-AMERICA,Argentina,SES
Brandnotstand,Brandnotstand,LOC,-1.00000000,0.00000000,de,1.00000000,,0,,,,,,
Unesco-Weltkulturerbes,Unesco-Weltkulturerbes,LOC,0.00000000,1.00000000,de,1.00000000,,0,,,,,,
Sicherheitsgründen,Sicherheitsgründen,LOC,0.00000000,1.00000000,de,1.00000000,,0,,,,,,
Bengalen,Bengalen,LOC,0.00000000,0.00000000,de,1.00000000,4029344-0,1275004,P,22.56263000,88.36304000,ASIA,India,SAS
Ko-Gastgeberland Mexiko,Ko-Gastgeberland Mexiko,LOC,0.00000000,0.00000000,de,1.00000000,,0,,,,,,
Norddeich,Norddeich,LOC,0.00000000,0.00000000,de,1.00000000,,6551356,A,54.21670000,8.90000000,EUROPE,Germany,NEU
Norderney,Norderney,LOC,0.00000000,0.00000000,de,1.00000000,4042519-8,2862042,T,53.71417000,7.24150000,EUROPE,Germany,NEU
ostfriesischen Inseln,ostfriesischen Inseln,LOC,0.00000000,0.00000000,de,1.00000000,,2856306,T,53.73333000,7.41667000,EUROPE,Germany,NEU
Götzis Alarm,Götzis Alarm,LOC,0.00000000,0.00000000,de,1.00000000,,0,,,,,,
Baru,Baru,LOC,0.00000000,0.00000000,de,1.00000000,,3714266,T,8.80917000,-82.54148000,CENTRAL-AMERICA,Panama,SCA
Kernoi,Kernoi,LOC,0.00000000,0.00000000,de,1.00000000,,12749942,P,15.07548000,23.25856000,AFRICA,Sudan,SAH
Kordofan,Kordofan,LOC,0.00000000,0.00000000,de,1.00000000,4032465-5,379003,P,13.18421000,30.21669000,AFRICA,Sudan,NEAF
Ostsee-Insel,Ostsee-Insel,LOC,0.00000000,0.00000000,de,1.00000000,,0,,,,,,
RügenNach,RügenNach,LOC,-1.00000000,0.00000000,de,1.00000000,,0,,,,,,
Anleger,Anleger,LOC,-1.00000000,0.00000000,de,1.00000000,,0,,,,,,
Marokkos,Marokkos,LOC,0.70000000,0.00000000,de,1.00000000,,0,,,,,,
Marchfeld,Marchfeld,LOC,0.00000000,1.00000000,de,1.00000000,4037464-6,3322767,L,48.23333000,16.55083000,EUROPE,Austria,WCE
Orth an der Donau,Orth an der Donau,LOC,0.70000000,0.00000000,de,1.00000000,4102138-1,2769409,P,48.14524000,16.70089000,EUROPE,Austria,WCE
Berlin-Brandenburg,Berlin-Brandenburg,LOC,0.00000000,0.00000000,de,1.00000000,,8181624,S,52.36213000,13.50168000,EUROPE,Germany,WCE
Spreewasser,Spreewasser,LOC,0.00000000,0.00000000,de,1.00000000,,0,,,,,,
Erfurt,Erfurt,LOC,0.00000000,0.00000000,de,1.00000000,4015240-6,2929670,P,50.97734000,11.03536000,EUROPE,Germany,WCE
Mühlkreis,Mühlkreis,LOC,0.00000000,0.00000000,de,1.00000000,,2766509,P,48.41553000,14.03821000,EUROPE,Austria,WCE
"Kansas
","Kansas
",LOC,0.00000000,0.00000000,de,1.00000000,4114131-3,4273857,A,38.50029000,-98.50063000,NORTH-AMERICA,United States,CNA
Schruns,Schruns,LOC,0.00000000,0.00000000,de,1.00000000,4279133-9,2765581,P,47.08028000,9.91917000,EUROPE,Austria,WCE
Tschagguns,Tschagguns,LOC,0.00000000,0.00000000,de,1.00000000,4362510-1,2763302,P,47.07391000,9.90267000,EUROPE,Austria,WCE
Montafon,Montafon,LOC,0.00000000,0.00000000,de,1.00000000,4527851-9,2766753,P,47.11667000,9.86667000,EUROPE,Austria,WCE
Komfort,Komfort,LOC,0.00000000,0.00000000,de,1.00000000,,4682748,P,29.96771000,-98.90503000,CENTRAL-AMERICA,United States,NCA
Gemeinwohl,Gemeinwohl,LOC,0.00000000,0.00000000,de,1.00000000,,0,,,,,,
Badesaison,Badesaison,LOC,0.00000000,0.00000000,de,1.00000000,,0,,,,,,
Niederösterreichs,Niederösterreichs,LOC,0.00000000,0.00000000,de,1.00000000,,0,,,,,,
Bezirk Neunkirchen,Bezirk Neunkirchen,LOC,0.00000000,0.00000000,de,1.00000000,,2770710,A,47.69424000,15.93783000,EUROPE,Austria,WCE
Trockenphase,Trockenphase,LOC,0.00000000,0.00000000,de,1.00000000,,0,,,,,,
Grundwasserstände,Grundwasserstände,LOC,-0.70000000,0.00000000,de,1.00000000,,0,,,,,,
Ennstal,Ennstal,LOC,0.00000000,0.00000000,de,1.00000000,4014825-7,2780037,T,47.61667000,14.58333000,EUROPE,Austria,WCE
Murtal,Murtal,LOC,0.00000000,0.00000000,de,1.00000000,4210288-1,8604685,A,47.16964000,14.66469000,EUROPE,Austria,WCE
Trockenheit Österreichs Wirtschaftsstandort,Trockenheit Österreichs Wirtschaftsstandort,LOC,-1.00000000,0.00000000,de,1.00000000,,0,,,,,,
Klassenkampf,Klassenkampf,LOC,0.00000000,0.00000000,de,1.00000000,,0,,,,,,
Tisch,Tisch,LOC,0.00000000,0.00000000,de,1.00000000,,5275834,P,44.32722000,-87.62370000,NORTH-AMERICA,United States,ENA
wiede…,wiede…,LOC,0.70000000,0.00000000,de,1.00000000,,0,,,,,,
Bärenjagen,Bärenjagen,LOC,0.00000000,0.00000000,de,1.00000000,,0,,,,,,
Kraftwerk Freudenau,Kraftwerk Freudenau,LOC,0.70000000,0.00000000,de,1.00000000,,3322701,S,48.17667000,16.48167000,EUROPE,Austria,WCE
Hainburg,Hainburg,LOC,0.70000000,0.00000000,de,1.00000000,4094518-2,2911859,T,50.53836000,9.47715000,EUROPE,Germany,WCE
Bezirk Bruck an der Leitha,Bezirk Bruck an der Leitha,LOC,0.70000000,0.00000000,de,1.00000000,4008394-9,2781372,A,48.06781000,16.77284000,EUROPE,Austria,WCE
Bootsbesitzer,Bootsbesitzer,LOC,0.00000000,0.00000000,de,1.00000000,,0,,,,,,
Bodenseesaison,Bodenseesaison,LOC,-0.70000000,0.00000000,de,1.00000000,,0,,,,,,
Doñana,Doñana,LOC,0.00000000,1.00000000,de,1.00000000,4195771-4,2519128,L,37.04895000,-6.47478000,EUROPE-AFRICA,Spain,MED
El Rocio,El Rocio,LOC,0.00000000,0.00000000,de,1.00000000,,13545500,L,25.84972000,-98.07861000,CENTRAL-AMERICA,Mexico,NCA
Chinesische Mauer,Chinesische Mauer,LOC,-0.85000000,0.00000000,de,1.00000000,,0,,,,,,
Kombipack,Kombipack,LOC,0.00000000,0.00000000,de,1.00000000,,0,,,,,,
ostafrikanischen Land,ostafrikanischen Land,LOC,-0.70000000,0.00000000,de,1.00000000,,0,,,,,,
Lokalaugenschein,Lokalaugenschein,LOC,0.00000000,0.00000000,de,1.00000000,,0,,,,,,
St. Pölten,St. Pölten,LOC,0.00000000,0.00000000,de,1.00000000,4051622-2,2766429,P,48.20762000,15.63725000,EUROPE,Austria,WCE
Fußballrasen,Fußballrasen,LOC,0.00000000,0.00000000,de,1.00000000,,0,,,,,,
Dürre-Alarm,Dürre-Alarm,LOC,0.00000000,0.00000000,de,1.00000000,,0,,,,,,
Schaumwein,Schaumwein,LOC,0.00000000,0.00000000,de,1.00000000,,0,,,,,,
Vergleichsjahren,Vergleichsjahren,LOC,0.00000000,0.00000000,de,1.00000000,,0,,,,,,
Henndorf am Wallersee,Henndorf am Wallersee,LOC,0.70000000,0.00000000,de,1.00000000,4024386-2,2776513,P,47.90000000,13.18333000,EUROPE,Austria,WCE
St. Koloman,St. Koloman,LOC,1.00000000,0.00000000,de,1.00000000,4482763-5,2766619,A,47.63333000,13.20000000,EUROPE,Austria,WCE
